,timestamp,volume,close,open,high,low
0,2025-06-14 19:18:00,1.86277,104984.5475,104982.58,0.0,0.0
1,2025-06-14 19:19:00,2.08654,104972.24,104983.56375,104983.56375,104961.33
2,2025-06-14 19:20:00,1.13242,104973.38,104977.90187500001,104985.12,104966.21
3,2025-06-14 19:21:00,3.82426,104967.8225,104975.64093750001,104975.91,104958.34
4,2025-06-14 19:22:00,0.93258,104967.47249999999,104971.73171875,104971.73171875,104964.11
5,2025-06-14 19:23:00,1.30919,104960.16749999998,104969.602109375,104969.602109375,104956.22
6,2025-06-14 19:24:00,16.25335,104934.74,104964.88480468749,104964.88480468749,104899.99
7,2025-06-14 19:25:00,4.93165,104917.245,104949.81240234376,104949.81240234376,104902.89
8,2025-06-14 19:26:00,2.5427,104919.5725,104933.52870117188,104933.52870117188,104913.06
9,2025-06-14 19:27:00,2.73592,104910.41500000001,104926.55060058594,104926.55060058594,104890.44
10,2025-06-14 19:28:00,1.7227,104907.83499999999,104918.48280029297,104919.67,104898.63
11,2025-06-14 19:29:00,0.6456,104914.4125,104913.15890014649,104914.42,104913.15890014649
12,2025-06-14 19:30:00,0.86561,104913.275,104913.78570007325,104914.42,104912.13
13,2025-06-14 19:31:00,4.85211,104942.18,104913.53035003663,104981.1,104912.13
14,2025-06-14 19:32:00,1.9007,104960.0675,104927.85517501831,104965.86,104927.85517501831
15,2025-06-14 19:33:00,3.13012,104932.375,104943.96133750916,104965.86,104898.89
16,2025-06-14 19:34:00,1.07521,104925.6025,104938.16816875458,104955.89,104898.89
17,2025-06-14 19:35:00,3.14795,104933.18,104931.8853343773,104948.75,104917.61
18,2025-06-14 19:36:00,2.09473,104926.345,104932.53266718864,104944.0,104916.51
19,2025-06-14 19:37:00,1.12932,104928.5025,104929.43883359432,104934.69,104917.37
20,2025-06-14 19:38:00,2.27576,104943.3475,104928.97066679716,104952.01,104928.97066679716
21,2025-06-14 19:39:00,3.3619,104968.50249999999,104936.15908339858,104987.7,104936.15908339858
22,2025-06-14 19:40:00,2.31243,104986.715,104952.33079169929,104991.14,104952.33079169929
23,2025-06-14 19:41:00,5.35514,104999.4725,104969.52289584964,105015.63,104969.52289584964
24,2025-06-14 19:42:00,5.61966,104995.31749999999,104984.49769792482,105012.36,104969.17
25,2025-06-14 19:43:00,5.3238,104988.8425,104989.9075989624,105015.63,104970.0
26,2025-06-14 19:44:00,1.76762,104970.005,104989.3750494812,104989.3750494812,104970.0
27,2025-06-14 19:45:00,6.70086,104942.63750000001,104979.6900247406,104979.6900247406,104915.27
28,2025-06-14 19:46:00,2.13599,104932.29000000001,104961.1637623703,104961.1637623703,104915.27
29,2025-06-14 19:47:00,5.55326,104924.0675,104946.72688118515,104946.72688118515,104892.35
30,2025-06-14 19:48:00,18.0633,104902.0175,104935.39719059257,104963.74,104850.0
31,2025-06-14 19:49:00,8.09288,104851.2075,104918.70734529628,104918.70734529628,104826.74
32,2025-06-14 19:50:00,12.36591,104771.5075,104884.95742264815,104884.95742264815,104704.81
33,2025-06-14 19:51:00,3.29777,104726.02500000001,104828.23246132408,104828.23246132408,104692.5
34,2025-06-14 19:52:00,4.08505,104735.68,104777.12873066205,104777.12873066205,104712.79
35,2025-06-14 19:53:00,1.86448,104753.5675,104756.40436533102,104768.39,104743.99
36,2025-06-14 19:54:00,2.02706,104744.785,104754.98593266551,104757.91,104723.81
37,2025-06-14 19:55:00,14.55851,104710.9175,104749.88546633275,104749.88546633275,104667.83
38,2025-06-14 19:56:00,1.18198,104690.29000000001,104730.40148316638,104730.40148316638,104679.14
39,2025-06-14 19:57:00,10.53559,104662.38249999999,104710.3457415832,104710.3457415832,104636.36
40,2025-06-14 19:58:00,2.41898,104662.2475,104686.3641207916,104686.3641207916,104642.79
41,2025-06-14 19:59:00,6.94834,104659.6375,104674.3058103958,104681.35,104630.19
42,2025-06-14 20:00:00,12.66026,104635.33,104666.9716551979,104666.9716551979,104614.73
43,2025-06-14 20:01:00,0.82525,104628.4675,104651.15082759896,104651.15082759896,104624.13
44,2025-06-14 20:02:00,1.14226,104648.4,104639.80916379948,104664.01,104632.79
45,2025-06-14 20:03:00,4.38482,104696.37,104644.10458189974,104728.74,104644.10458189974
46,2025-06-14 20:04:00,5.11437,104671.5125,104670.23729094987,104728.74,104614.29
47,2025-06-14 20:05:00,29.63421,104552.365,104670.87489547493,104670.87489547493,104483.56
48,2025-06-14 20:06:00,9.68424,104466.265,104611.61994773746,104611.61994773746,104437.86
49,2025-06-14 20:07:00,8.0777,104445.23499999999,104538.94247386872,104538.94247386872,104427.18
50,2025-06-14 20:08:00,5.48603,104416.285,104492.08873693435,104492.08873693435,104397.7
51,2025-06-14 20:09:00,6.42694,104408.2825,104454.18686846718,104454.18686846718,104401.72
52,2025-06-14 20:10:00,23.81103,104363.225,104431.23468423358,104431.23468423358,104300.0
53,2025-06-14 20:11:00,5.63415,104388.1275,104397.2298421168,104436.74,104339.51
54,2025-06-14 20:12:00,3.8093,104450.07749999998,104392.6786710584,104472.95,104392.6786710584
55,2025-06-14 20:13:00,2.60238,104451.5575,104421.3780855292,104464.84,104421.3780855292
56,2025-06-14 20:14:00,8.43285,104406.9975,104436.4677927646,104446.11,104363.36
57,2025-06-14 20:15:00,8.27278,104390.345,104421.7326463823,104438.44,104352.93
58,2025-06-14 20:16:00,5.87193,104391.05,104406.03882319115,104420.83,104372.88
59,2025-06-14 20:17:00,3.98664,104358.81,104398.54441159558,104398.54441159558,104326.01
60,2025-06-14 20:18:00,8.46298,104389.70999999999,104378.67720579778,104441.41,104326.79
61,2025-06-14 20:19:00,7.34095,104465.8575,104384.19360289889,104502.38,104384.19360289889
62,2025-06-14 20:20:00,11.54799,104526.1225,104425.02555144945,104586.67,104425.02555144945
63,2025-06-14 20:21:00,7.32863,104546.43000000002,104475.57402572472,104561.36,104475.57402572472
64,2025-06-14 20:22:00,3.53881,104559.43000000002,104511.00201286237,104582.99,104511.00201286237
65,2025-06-14 20:23:00,4.62519,104539.65000000001,104535.2160064312,104578.03,104514.7
66,2025-06-14 20:24:00,6.4806,104491.98,104537.43300321561,104537.43300321561,104440.21
67,2025-06-14 20:25:00,4.67787,104522.9925,104514.70650160781,104562.68,104486.57
68,2025-06-14 20:26:00,3.62816,104551.435,104518.8495008039,104563.85,104518.8495008039
69,2025-06-14 20:27:00,2.70362,104573.46,104535.14225040196,104591.99,104535.14225040196
70,2025-06-14 20:28:00,6.45286,104600.85250000001,104554.30112520099,104644.2,104554.30112520099
71,2025-06-14 20:29:00,4.80394,104631.875,104577.5768126005,104662.7,104577.5768126005
72,2025-06-14 20:30:00,4.18393,104685.0625,104604.72590630024,104728.79,104604.72590630024
73,2025-06-14 20:31:00,8.07031,104743.7,104644.89420315012,104775.18,104644.89420315012
74,2025-06-14 20:32:00,6.38908,104808.8475,104694.29710157507,104867.65,104694.29710157507
75,2025-06-14 20:33:00,2.50251,104830.54250000001,104751.57230078753,104847.4,104751.57230078753
76,2025-06-14 20:34:00,8.38583,104820.54749999999,104791.05740039377,104857.39,104782.75
77,2025-06-14 20:35:00,14.15867,104772.7975,104805.80245019688,104812.08,104704.46
78,2025-06-14 20:36:00,4.33951,104798.9975,104789.29997509843,104823.53,104768.94
79,2025-06-14 20:37:00,2.02016,104832.64,104794.14873754921,104851.12,104794.14873754921
80,2025-06-14 20:38:00,3.11283,104857.7775,104813.3943687746,104881.25,104813.3943687746
81,2025-06-14 20:39:00,19.7418,104920.405,104835.5859343873,104991.0,104835.5859343873
82,2025-06-14 20:40:00,11.95006,104940.5375,104877.99546719366,104962.36,104877.99546719366
83,2025-06-14 20:41:00,5.20336,104946.67499999999,104909.26648359683,104976.64,104909.26648359683
84,2025-06-14 20:42:00,5.94969,104938.3425,104927.9707417984,104965.62,104906.14
85,2025-06-14 20:43:00,2.38235,104933.11499999999,104933.1566208992,104950.25,104915.98
86,2025-06-14 20:44:00,3.46465,104938.9075,104933.1358104496,104950.25,104927.56
87,2025-06-14 20:45:00,14.00398,104932.495,104936.0216552248,104947.56,104907.56
88,2025-06-14 20:46:00,3.58063,104958.8775,104934.25832761239,104970.47,104934.25832761239
89,2025-06-14 20:47:00,5.5933,104969.4725,104946.5679138062,104990.9,104946.5679138062
90,2025-06-14 20:48:00,1.28806,104961.85250000001,104958.02020690311,104967.83,104955.88
91,2025-06-14 20:49:00,0.92869,104955.88500000001,104959.93635345156,104959.93635345156,104955.88
92,2025-06-14 20:50:00,1.57275,104952.305,104957.91067672579,104957.91067672579,104948.72
93,2025-06-14 20:51:00,6.95694,104905.0,104955.10783836289,104955.10783836289,104861.27
94,2025-06-14 20:52:00,3.1977,104869.295,104930.05391918145,104930.05391918145,104856.12
95,2025-06-14 20:53:00,4.83154,104843.1,104899.67445959072,104899.67445959072,104807.32
96,2025-06-14 20:54:00,2.6543,104838.66500000001,104871.38722979536,104871.38722979536,104827.32
97,2025-06-14 20:55:00,1.25344,104853.10250000001,104855.02611489769,104866.21,104840.0
98,2025-06-14 20:56:00,5.34517,104869.695,104854.06430744885,104889.92,104854.06430744885
99,2025-06-14 20:57:00,0.92244,104861.32250000001,104861.87965372443,104861.87965372443,104861.32
100,2025-06-14 20:58:00,0.89519,104871.32250000001,104861.60107686222,104881.32,104861.32
101,2025-06-14 20:59:00,0.63596,104887.8075,104866.46178843112,104894.3,104866.46178843112
102,2025-06-14 21:00:00,0.48414,104894.2975,104877.13464421555,104894.3,104877.13464421555
103,2025-06-14 21:01:00,2.60568,104890.68250000001,104885.71607210778,104894.3,104885.71607210778
104,2025-06-14 21:02:00,3.27414,104881.77500000001,104888.19928605389,104888.19928605389,104870.77
105,2025-06-14 21:03:00,0.93204,104882.13249999999,104884.98714302696,104887.17,104872.0
106,2025-06-14 21:04:00,1.29041,104893.5775,104883.55982151348,104900.0,104883.55982151348
107,2025-06-14 21:05:00,3.11449,104927.4875,104888.56866075675,104954.99,104888.56866075675
108,2025-06-14 21:06:00,17.17815,104944.16249999999,104908.02808037837,104955.0,104908.02808037837
109,2025-06-14 21:07:00,1.48679,104946.345,104926.09529018917,104955.89,104926.09529018917
110,2025-06-14 21:08:00,1.78316,104942.655,104936.22014509459,104948.29,104935.88
111,2025-06-14 21:09:00,0.54694,104943.225,104939.4375725473,104945.9,104939.4375725473
112,2025-06-14 21:10:00,2.84324,104948.18,104941.33128627365,104955.03,104941.33128627365
113,2025-06-14 21:11:00,4.66606,104945.68,104944.75564313683,104951.95,104932.92
114,2025-06-14 21:12:00,5.54232,104965.14249999999,104945.21782156841,104978.34,104945.21782156841
115,2025-06-14 21:13:00,22.66381,104983.7525,104955.18016078419,105000.0,104955.18016078419
116,2025-06-14 21:14:00,9.75368,104993.025,104969.4663303921,105007.73,104969.4663303921
117,2025-06-14 21:15:00,15.95164,105002.55,104981.24566519604,105020.0,104981.24566519604
118,2025-06-14 21:16:00,1.65124,105004.14,104991.89783259801,105017.04,104991.24
119,2025-06-14 21:17:00,2.14286,105020.1625,104998.01891629901,105025.92,104998.01891629901
120,2025-06-14 21:18:00,3.39288,105028.67,105009.09070814951,105036.69,105009.09070814951
121,2025-06-14 21:19:00,2.16787,105040.4025,105018.88035407476,105044.12,105018.88035407476
122,2025-06-14 21:20:00,7.31454,105050.7775,105029.64142703738,105057.45,105029.64142703738
123,2025-06-14 21:21:00,7.50186,105056.4925,105040.2094635187,105067.45,105040.2094635187
124,2025-06-14 21:22:00,14.95994,105091.45000000001,105048.35098175934,105132.36,105048.35098175934
125,2025-06-14 21:23:00,27.35733,105066.7775,105069.90049087968,105218.03,104958.36
126,2025-06-14 21:24:00,7.0574,104919.725,105068.33899543984,105068.33899543984,104867.14
127,2025-06-14 21:25:00,0.82877,104913.45249999998,104994.03199771993,104994.03199771993,104895.04
128,2025-06-14 21:26:00,6.12056,104990.775,104953.74224885995,105049.69,104931.86
129,2025-06-14 21:27:00,18.88898,105087.38,104972.25862442997,105138.6,104972.25862442997
130,2025-06-14 21:28:00,5.28965,105120.9975,105029.819312215,105143.47,105029.819312215
131,2025-06-14 21:29:00,1.40079,105144.89249999999,105075.4084061075,105168.76,105075.4084061075
132,2025-06-14 21:30:00,5.73107,105180.7075,105110.15045305373,105199.31,105110.15045305373
133,2025-06-14 21:31:00,1.52429,105188.83,105145.42897652686,105199.81,105145.42897652686
134,2025-06-14 21:32:00,8.94452,105156.61000000002,105167.12948826342,105184.76,105126.9
135,2025-06-14 21:33:00,0.77841,105130.0325,105161.86974413172,105161.86974413172,105130.03
136,2025-06-14 21:34:00,0.90681,105130.03499999999,105145.95112206586,105145.95112206586,105130.03
137,2025-06-14 21:35:00,14.6002,105112.8,105137.99306103293,105137.99306103293,105095.56
138,2025-06-14 21:36:00,1.30559,105091.9,105125.39653051647,105125.39653051647,105088.23
139,2025-06-14 21:37:00,9.52619,105098.4,105108.64826525823,105118.24,105088.23
140,2025-06-14 21:38:00,0.81769,105098.905,105103.52413262911,105103.52413262911,105098.9
141,2025-06-14 21:39:00,0.60677,105098.9025,105101.21456631456,105101.21456631456,105098.9
142,2025-06-14 21:40:00,1.32429,105098.905,105100.05853315728,105100.05853315728,105098.9
143,2025-06-14 21:41:00,8.76476,105136.04749999999,105099.48176657864,105184.76,105098.91
144,2025-06-14 21:42:00,5.59266,105175.57250000001,105117.7646332893,105189.54,105117.7646332893
145,2025-06-14 21:43:00,9.9313,105156.15000000001,105146.66856664466,105189.54,105122.76
146,2025-06-14 21:44:00,2.75216,105132.955,105151.40928332234,105151.40928332234,105122.76
147,2025-06-14 21:45:00,0.99282,105142.5075,105142.18214166118,105150.01,105140.0
148,2025-06-14 21:46:00,31.88775,105233.63,105142.34482083059,105369.02,105140.02
149,2025-06-14 21:47:00,14.54097,105300.3825,105187.9874104153,105351.02,105187.9874104153
150,2025-06-14 21:48:00,1.98063,105295.08249999999,105244.18495520766,105315.08,105244.18495520766
151,2025-06-14 21:49:00,1.51149,105258.50249999999,105269.63372760382,105275.09,105241.92
152,2025-06-14 21:50:00,1.22891,105231.4025,105264.06811380191,105264.06811380191,105220.88
153,2025-06-14 21:51:00,7.06541,105262.22,105247.73530690096,105308.83,105220.88
154,2025-06-14 21:52:00,1.98076,105313.4625,105254.97765345048,105328.76,105254.97765345048
155,2025-06-14 21:53:00,8.55216,105335.36499999999,105284.22007672524,105352.95,105284.22007672524
156,2025-06-14 21:54:00,4.20344,105350.98999999999,105309.79253836261,105371.34,105309.79253836261
157,2025-06-14 21:55:00,20.71119,105368.7025,105330.3912691813,105376.74,105330.3912691813
158,2025-06-14 21:56:00,7.45702,105347.2375,105349.54688459064,105376.74,105317.73
159,2025-06-14 21:57:00,3.78144,105328.0425,105348.39219229532,105348.39219229532,105314.44
160,2025-06-14 21:58:00,19.16051,105396.645,105338.21734614766,105457.88,105338.21734614766
161,2025-06-14 21:59:00,15.91678,105381.51,105367.43117307383,105458.71,105303.09
162,2025-06-14 22:00:00,8.12673,105352.27,105374.47058653692,105411.02,105315.55
163,2025-06-14 22:01:00,3.12316,105351.61,105363.37029326847,105366.96,105313.56
164,2025-06-14 22:02:00,9.41226,105411.63,105357.49014663423,105464.95,105357.49014663423
165,2025-06-14 22:03:00,10.38856,105458.13749999998,105384.56007331712,105473.76,105384.56007331712
166,2025-06-14 22:04:00,16.86423,105472.295,105421.34878665855,105480.0,105421.34878665855
167,2025-06-14 22:05:00,6.464,105467.79000000001,105446.82189332927,105479.99,105446.82189332927
168,2025-06-14 22:06:00,3.83489,105459.6525,105457.30594666464,105467.42,105455.59
169,2025-06-14 22:07:00,3.57561,105425.9175,105458.47922333231,105460.01,105386.82
170,2025-06-14 22:08:00,5.43315,105405.5675,105442.19836166615,105442.19836166615,105396.82
171,2025-06-14 22:09:00,1.74708,105416.59999999999,105423.88293083308,105423.88293083308,105413.37
172,2025-06-14 22:10:00,3.49976,105409.0975,105420.24146541653,105420.24146541653,105398.83
173,2025-06-14 22:11:00,2.43531,105409.41,105414.66948270827,105420.0,105398.82
174,2025-06-14 22:12:00,3.30948,105415.315,105412.03974135414,105420.0,105410.63
175,2025-06-14 22:13:00,1.0403,105410.3125,105413.67737067706,105413.67737067706,105403.37
176,2025-06-14 22:14:00,2.26626,105433.89249999999,105411.99493533853,105454.17,105411.99493533853
177,2025-06-14 22:15:00,2.22192,105465.6625,105422.94371766926,105477.17,105422.94371766926
178,2025-06-14 22:16:00,6.74416,105452.75,105444.30310883463,105477.17,105428.33
179,2025-06-14 22:17:00,3.41573,105441.025,105448.52655441732,105459.47,105428.33
180,2025-06-14 22:18:00,0.46899,105450.805,105444.77577720865,105453.65,105444.77577720865
181,2025-06-14 22:19:00,2.64567,105461.55500000001,105447.79038860432,105469.47,105447.79038860432
182,2025-06-14 22:20:00,6.38665,105457.045,105454.67269430216,105469.47,105438.93
183,2025-06-14 22:21:00,3.59496,105444.20500000002,105455.85884715107,105460.13,105426.35
184,2025-06-14 22:22:00,0.94629,105446.01000000001,105450.03192357555,105452.0,105440.02
185,2025-06-14 22:23:00,3.73539,105448.60250000001,105448.02096178778,105452.7,105437.02
186,2025-06-14 22:24:00,0.55028,105457.18,105448.3117308939,105461.67,105448.3117308939
187,2025-06-14 22:25:00,3.43159,105468.81000000001,105452.74586544695,105478.84,105452.74586544695
188,2025-06-14 22:26:00,9.24397,105464.06999999999,105460.77793272349,105473.08,105447.43
189,2025-06-14 22:27:00,6.87513,105467.23,105462.42396636173,105480.0,105462.42396636173
190,2025-06-14 22:28:00,0.60135,105463.5425,105464.82698318086,105464.82698318086,105463.54
191,2025-06-14 22:29:00,0.35697,105463.545,105464.18474159043,105464.18474159043,105463.54
192,2025-06-14 22:30:00,4.40737,105430.3,105463.86487079522,105463.86487079522,105397.05
193,2025-06-14 22:31:00,5.40154,105383.23999999999,105447.0824353976,105447.0824353976,105350.86
194,2025-06-14 22:32:00,1.03652,105383.005,105415.1612176988,105415.1612176988,105374.01
195,2025-06-14 22:33:00,0.97791,105387.5375,105399.0831088494,105399.0831088494,105382.01
196,2025-06-14 22:34:00,2.64659,105411.0875,105393.3103044247,105441.18,105389.58
197,2025-06-14 22:35:00,1.58758,105432.21250000001,105402.19890221235,105444.38,105402.19890221235
198,2025-06-14 22:36:00,6.95626,105406.5275,105417.20570110617,105436.47,105376.58
199,2025-06-14 22:37:00,1.32987,105392.2025,105411.86660055308,105411.86660055308,105376.57
200,2025-06-14 22:38:00,2.75345,105395.105,105402.03455027654,105411.71,105380.44
201,2025-06-14 22:39:00,1.14373,105388.7475,105398.56977513827,105398.56977513827,105380.45
202,2025-06-14 22:40:00,3.80826,105373.01749999999,105393.65863756914,105397.05,105345.25
203,2025-06-14 22:41:00,3.57376,105343.7,105383.33806878456,105383.33806878456,105334.68
204,2025-06-14 22:42:00,2.39611,105339.6825,105363.51903439229,105363.51903439229,105334.68
205,2025-06-14 22:43:00,8.48049,105326.755,105351.60076719614,105351.60076719614,105308.82
206,2025-06-14 22:44:00,6.04149,105306.7975,105339.17788359808,105339.17788359808,105289.45
207,2025-06-14 22:45:00,0.26432,105314.455,105322.98769179903,105322.98769179903,105314.45
208,2025-06-14 22:46:00,1.30052,105333.61,105318.72134589951,105352.76,105314.46
209,2025-06-14 22:47:00,1.493,105365.595,105326.16567294975,105378.44,105326.16567294975
210,2025-06-14 22:48:00,9.97863,105342.16500000001,105345.88033647487,105386.21,105298.28
211,2025-06-14 22:49:00,1.63952,105311.8175,105344.02266823745,105344.02266823745,105305.73
212,2025-06-14 22:50:00,4.66588,105342.44750000001,105327.92008411873,105378.0,105317.89
213,2025-06-14 22:51:00,0.24078,105356.0025,105335.18379205937,105356.01,105335.18379205937
214,2025-06-14 22:52:00,1.55672,105372.465,105345.59314602969,105388.93,105345.59314602969
215,2025-06-14 22:53:00,6.31218,105383.12,105359.02907301484,105388.93,105359.02907301484
216,2025-06-14 22:54:00,0.59382,105382.64249999999,105371.07453650743,105387.98,105371.07453650743
217,2025-06-14 22:55:00,0.7773,105387.975,105376.8585182537,105387.98,105376.8585182537
218,2025-06-14 22:56:00,3.15354,105377.98999999999,105382.41675912685,105387.98,105368.0
219,2025-06-14 22:57:00,0.88618,105372.2175,105380.20337956342,105380.20337956342,105368.0
220,2025-06-14 22:58:00,1.13358,105376.435,105376.21043978172,105376.44,105376.21043978172
221,2025-06-14 22:59:00,3.14783,105402.5875,105376.32271989086,105428.75,105376.32271989086
222,2025-06-14 23:00:00,5.25754,105423.7475,105389.45510994543,105428.75,105389.45510994543
223,2025-06-14 23:01:00,2.4388,105407.9,105406.60130497272,105418.75,105397.05
224,2025-06-14 23:02:00,10.28169,105411.5275,105407.25065248636,105426.0,105397.05
225,2025-06-14 23:03:00,4.50045,105425.80500000001,105409.38907624318,105435.38,105406.46
226,2025-06-14 23:04:00,2.10475,105447.45249999998,105417.5970381216,105459.54,105417.5970381216
227,2025-06-14 23:05:00,3.26573,105467.9675,105432.5247690608,105477.9,105432.5247690608
228,2025-06-14 23:06:00,1.29143,105475.445,105450.2461345304,105476.0,105450.2461345304
229,2025-06-14 23:07:00,0.42823,105475.995,105462.8455672652,105476.0,105462.8455672652
230,2025-06-14 23:08:00,10.30159,105466.4,105469.4202836326,105476.0,105456.8
231,2025-06-14 23:09:00,2.3098,105446.8475,105467.9101418163,105467.9101418163,105436.89
232,2025-06-14 23:10:00,4.24691,105456.4425,105457.37882090815,105476.0,105436.89
233,2025-06-14 23:11:00,4.41579,105475.5,105456.91066045407,105480.0,105456.91066045407
234,2025-06-14 23:12:00,3.75879,105475.0,105466.20533022704,105480.0,105466.20533022704
235,2025-06-14 23:13:00,4.67149,105465.0125,105470.60266511352,105470.60266511352,105460.01
236,2025-06-14 23:14:00,3.46263,105449.9375,105467.80758255676,105467.80758255676,105434.78
237,2025-06-14 23:15:00,0.29501,105444.955,105458.87254127838,105458.87254127838,105444.95
238,2025-06-14 23:16:00,5.64341,105434.9025,105451.91377063919,105451.91377063919,105423.71
239,2025-06-14 23:17:00,12.3536,105391.5,105443.4081353196,105443.4081353196,105357.0
240,2025-06-14 23:18:00,1.82766,105372.13500000001,105417.4540676598,105417.4540676598,105357.0
241,2025-06-14 23:19:00,2.30192,105410.59,105394.7945338299,105438.09,105383.09
242,2025-06-14 23:20:00,2.71557,105447.37749999999,105402.69226691495,105460.79,105402.69226691495
243,2025-06-14 23:21:00,1.32158,105452.53499999999,105425.03488345747,105452.54,105425.03488345747
244,2025-06-14 23:22:00,7.3243,105442.5425,105438.78494172872,105452.54,105432.55
245,2025-06-14 23:23:00,3.09005,105426.88500000001,105440.66372086437,105440.66372086437,105421.21
246,2025-06-14 23:24:00,2.98471,105411.94,105433.77436043219,105433.77436043219,105402.67
247,2025-06-14 23:25:00,1.80502,105402.67749999999,105422.85718021609,105422.85718021609,105402.67
248,2025-06-14 23:26:00,7.90127,105390.0625,105412.76734010804,105412.76734010804,105357.86
249,2025-06-14 23:27:00,0.95301,105393.965,105401.41492005403,105401.41492005403,105390.88
250,2025-06-14 23:28:00,0.20039,105390.8825,105397.68996002701,105397.68996002701,105390.88
251,2025-06-14 23:29:00,30.85593,105377.1425,105394.2862300135,105394.2862300135,105348.81
252,2025-06-14 23:30:00,2.2183,105382.9975,105385.71436500674,105388.0,105377.99
253,2025-06-14 23:31:00,3.27952,105379.0025,105384.35593250337,105388.0,105370.01
254,2025-06-14 23:32:00,6.43296,105364.2025,105381.67921625168,105381.67921625168,105353.27
255,2025-06-14 23:33:00,1.12718,105363.275,105372.94085812583,105373.28,105353.27
256,2025-06-14 23:34:00,2.89734,105379.935,105368.10792906291,105386.6,105368.10792906291
257,2025-06-14 23:35:00,4.10421,105381.6,105374.02146453146,105386.6,105374.02146453146
258,2025-06-14 23:36:00,0.27319,105376.60250000001,105377.81073226573,105377.81073226573,105376.6
259,2025-06-14 23:37:00,2.5703,105383.7425,105377.20661613287,105390.89,105376.6
260,2025-06-14 23:38:00,4.854,105388.2475,105380.47455806643,105390.89,105380.47455806643
261,2025-06-14 23:39:00,2.95288,105378.38500000001,105384.36102903321,105385.62,105371.15
262,2025-06-14 23:40:00,1.72764,105381.01749999999,105381.3730145166,105390.89,105371.15
263,2025-06-14 23:41:00,2.54415,105393.97,105381.1952572583,105397.06,105381.1952572583
264,2025-06-14 23:42:00,1.02859,105397.055,105387.58262862914,105397.06,105387.58262862914
265,2025-06-14 23:43:00,2.7029,105407.89749999999,105392.31881431457,105418.75,105392.31881431457
266,2025-06-14 23:44:00,1.61871,105434.33249999999,105400.10815715729,105449.92,105400.10815715729
267,2025-06-14 23:45:00,3.67296,105463.49250000001,105417.22032857864,105477.08,105417.22032857864
268,2025-06-14 23:46:00,0.88499,105477.0775,105440.35641428933,105477.08,105440.35641428933
269,2025-06-14 23:47:00,12.04248,105473.54000000001,105458.71695714467,105477.08,105458.71695714467
270,2025-06-14 23:48:00,0.48027,105470.0075,105466.12847857234,105470.01,105466.12847857234
271,2025-06-14 23:49:00,1.44308,105470.005,105468.06798928618,105470.01,105468.06798928618
272,2025-06-14 23:50:00,2.53173,105470.005,105469.0364946431,105470.01,105469.0364946431
273,2025-06-14 23:51:00,3.9843,105470.005,105469.52074732154,105470.01,105469.52074732154
274,2025-06-14 23:52:00,7.34237,105458.79250000001,105469.76287366077,105470.01,105447.58
275,2025-06-14 23:53:00,6.48292,105438.90749999999,105464.27768683039,105464.27768683039,105425.23
276,2025-06-14 23:54:00,4.1467,105435.57,105451.59259341519,105451.59259341519,105430.01
277,2025-06-14 23:55:00,6.6886,105430.01000000001,105443.58129670759,105443.58129670759,105430.0
278,2025-06-14 23:56:00,7.14528,105416.6675,105436.7956483538,105436.7956483538,105397.53
279,2025-06-14 23:57:00,2.14674,105418.01999999999,105426.7315741769,105426.93,105409.11
280,2025-06-14 23:58:00,4.42598,105426.92249999999,105422.37578708844,105426.93,105422.37578708844
281,2025-06-14 23:59:00,1.85373,105420.7775,105424.64914354421,105426.92,105414.63
282,2025-06-15 00:00:00,2.03644,105420.2775,105422.71332177211,105425.93,105414.63
283,2025-06-15 00:01:00,2.66351,105420.9625,105421.49541088605,105425.93,105416.0
284,2025-06-15 00:02:00,3.42765,105416.005,105421.22895544302,105421.22895544302,105416.0
285,2025-06-15 00:03:00,3.85837,105415.0575,105418.61697772151,105418.61697772151,105414.1
286,2025-06-15 00:04:00,9.18335,105389.64,105416.83723886075,105416.83723886075,105364.33
287,2025-06-15 00:05:00,3.22294,105368.8725,105403.23861943037,105403.23861943037,105361.78
288,2025-06-15 00:06:00,8.2144,105382.46250000001,105386.05555971518,105391.08,105373.84
289,2025-06-15 00:07:00,1.63028,105385.80500000001,105384.2590298576,105391.08,105380.53
290,2025-06-15 00:08:00,2.02917,105376.3225,105385.0320149288,105385.0320149288,105369.99
291,2025-06-15 00:09:00,1.12679,105367.35749999998,105380.6772574644,105380.6772574644,105364.72
292,2025-06-15 00:10:00,3.35562,105369.96500000001,105374.01737873218,105375.21,105364.72
293,2025-06-15 00:11:00,2.97218,105399.94,105371.99118936609,105424.68,105371.99118936609
294,2025-06-15 00:12:00,6.38451,105429.66999999998,105385.96559468305,105434.67,105385.96559468305
295,2025-06-15 00:13:00,5.04786,105443.15,105407.81779734151,105451.64,105407.81779734151
296,2025-06-15 00:14:00,0.7038,105452.8775,105425.48389867076,105454.12,105425.48389867076
297,2025-06-15 00:15:00,3.11774,105454.11499999999,105439.18069933538,105454.12,105439.18069933538
298,2025-06-15 00:16:00,3.35656,105456.94750000001,105446.64784966769,105459.78,105446.64784966769
299,2025-06-15 00:17:00,1.5686,105464.77500000001,105451.79767483386,105469.78,105451.79767483386
300,2025-06-15 00:18:00,0.90616,105473.42,105458.28633741694,105477.07,105458.28633741694
301,2025-06-15 00:19:00,23.10312,105478.5325,105465.85316870848,105480.0,105465.85316870848
302,2025-06-15 00:20:00,16.73255,105474.515,105472.19283435424,105480.0,105464.58
303,2025-06-15 00:21:00,1.10147,105476.0,105473.35391717713,105478.53,105473.35391717713
304,2025-06-15 00:22:00,23.68585,105479.26000000001,105474.67695858856,105480.0,105474.67695858856
305,2025-06-15 00:23:00,7.58713,105476.7425,105476.96847929429,105480.0,105473.48
306,2025-06-15 00:24:00,4.09921,105443.82250000001,105476.85548964713,105476.85548964713,105414.15
307,2025-06-15 00:25:00,4.16283,105401.5525,105460.33899482357,105460.33899482357,105388.94
308,2025-06-15 00:26:00,2.93921,105394.4725,105430.94574741178,105430.94574741178,105388.94
309,2025-06-15 00:27:00,3.52272,105391.44750000001,105412.70912370589,105412.70912370589,105382.89
310,2025-06-15 00:28:00,2.30433,105376.08499999999,105402.07831185295,105402.07831185295,105363.12
311,2025-06-15 00:29:00,3.97752,105392.39249999999,105389.08165592648,105409.36,105375.43
312,2025-06-15 00:30:00,0.3498,105409.35500000001,105390.73707796323,105409.36,105390.73707796323
313,2025-06-15 00:31:00,0.20331,105409.35500000001,105400.04603898161,105409.36,105400.04603898161
314,2025-06-15 00:32:00,5.69506,105394.36,105404.70051949081,105409.36,105379.36
315,2025-06-15 00:33:00,15.39258,105342.1375,105399.5302597454,105399.5302597454,105264.75
316,2025-06-15 00:34:00,2.35797,105367.5175,105370.83387987269,105389.99,105345.05
317,2025-06-15 00:35:00,4.40517,105412.82999999999,105369.17568993635,105435.68,105369.17568993635
318,2025-06-15 00:36:00,3.52403,105453.12,105391.00284496817,105470.57,105391.00284496817
319,2025-06-15 00:37:00,4.96194,105455.87,105422.06142248408,105470.57,105422.06142248408
320,2025-06-15 00:38:00,2.17067,105441.17249999999,105438.96571124204,105441.18,105438.96571124204
321,2025-06-15 00:39:00,3.55893,105436.17749999999,105440.06910562102,105441.18,105431.17
322,2025-06-15 00:40:00,1.24746,105431.17499999999,105438.1233028105,105438.1233028105,105431.17
323,2025-06-15 00:41:00,4.12623,105449.30249999999,105434.64915140525,105467.43,105431.18
324,2025-06-15 00:42:00,5.8423,105459.0475,105441.97582570263,105467.43,105441.97582570263
325,2025-06-15 00:43:00,2.6414,105458.5875,105450.51166285132,105466.52,105450.51166285132
326,2025-06-15 00:44:00,0.69286,105466.515,105454.54958142566,105466.52,105454.54958142566
327,2025-06-15 00:45:00,4.13662,105471.2575,105460.53229071283,105476.0,105460.53229071283
328,2025-06-15 00:46:00,1.32618,105477.6625,105465.89489535641,105479.33,105465.89489535641
329,2025-06-15 00:47:00,0.90893,105479.325,105471.77869767821,105479.33,105471.77869767821
330,2025-06-15 00:48:00,0.90745,105479.32250000001,105475.5518488391,105479.33,105475.5518488391
331,2025-06-15 00:49:00,0.99396,105479.32250000001,105477.43717441955,105479.33,105477.43717441955
332,2025-06-15 00:50:00,4.78586,105479.6625,105478.37983720978,105480.0,105478.37983720978
333,2025-06-15 00:51:00,59.73259,105535.8425,105479.0211686049,105592.55,105479.0211686049
334,2025-06-15 00:52:00,6.79799,105616.77750000001,105507.43183430245,105642.71,105507.43183430245
335,2025-06-15 00:53:00,7.01827,105635.6575,105562.10466715123,105660.27,105562.10466715123
336,2025-06-15 00:54:00,10.92107,105611.3225,105598.88108357562,105619.84,105598.88108357562
337,2025-06-15 00:55:00,4.73229,105610.78,105605.1017917878,105623.75,105592.82
338,2025-06-15 00:56:00,2.5623,105629.14,105607.9408958939,105635.77,105607.9408958939
339,2025-06-15 00:57:00,0.68495,105638.64749999999,105618.54044794696,105643.99,105618.54044794696
340,2025-06-15 00:58:00,2.19896,105653.98000000001,105628.59397397347,105663.98,105628.59397397347
341,2025-06-15 00:59:00,6.04494,105653.985,105641.28698698674,105663.98,105641.28698698674
342,2025-06-15 01:00:00,1.06256,105651.505,105647.63599349337,105659.02,105643.99
343,2025-06-15 01:01:00,2.61134,105669.505,105649.57049674669,105680.0,105649.57049674669
344,2025-06-15 01:02:00,7.96868,105658.84749999999,105659.53774837335,105680.0,105633.42
345,2025-06-15 01:03:00,7.23477,105609.395,105659.19262418666,105659.19262418666,105573.6
346,2025-06-15 01:04:00,5.28395,105599.2425,105634.29381209332,105634.29381209332,105580.0
347,2025-06-15 01:05:00,3.86694,105609.61499999999,105616.76815604666,105620.0,105599.99
348,2025-06-15 01:06:00,0.5919,105599.9925,105613.19157802332,105613.19157802332,105599.99
349,2025-06-15 01:07:00,0.32199,105599.9925,105606.59203901165,105606.59203901165,105599.99
350,2025-06-15 01:08:00,14.2598,105568.6425,105603.29226950582,105603.29226950582,105524.78
351,2025-06-15 01:09:00,2.67554,105568.8525,105585.9673847529,105587.92,105549.78
352,2025-06-15 01:10:00,3.61108,105570.7025,105577.40994237646,105587.92,105553.48
353,2025-06-15 01:11:00,1.38346,105543.2875,105574.05622118822,105574.05622118822,105533.08
354,2025-06-15 01:12:00,0.98367,105537.5425,105558.67186059411,105558.67186059411,105533.08
355,2025-06-15 01:13:00,5.59153,105563.9675,105548.10718029705,105585.95,105541.99
356,2025-06-15 01:14:00,0.75267,105579.975,105556.03734014853,105585.95,105556.03734014853
357,2025-06-15 01:15:00,5.23681,105552.86000000002,105568.00617007427,105574.01,105518.4
358,2025-06-15 01:16:00,3.22206,105532.5,105560.43308503713,105560.43308503713,105514.96
359,2025-06-15 01:17:00,20.34192,105485.5925,105546.46654251857,105546.46654251857,105441.21
360,2025-06-15 01:18:00,5.18225,105445.9725,105516.02952125928,105516.02952125928,105437.65
361,2025-06-15 01:19:00,3.21145,105447.99250000001,105481.00101062964,105481.00101062964,105427.66
362,2025-06-15 01:20:00,5.57405,105454.75,105464.49675531482,105473.33,105441.17
363,2025-06-15 01:21:00,1.67994,105446.58249999999,105459.62337765741,105459.62337765741,105441.17
364,2025-06-15 01:22:00,0.56037,105454.47,105453.1029388287,105456.95,105451.99
365,2025-06-15 01:23:00,12.23667,105445.29000000001,105453.78646941435,105456.94,105433.64
366,2025-06-15 01:24:00,3.3254,105452.6775,105449.53823470717,105471.72,105433.64
367,2025-06-15 01:25:00,0.49399,105475.14000000001,105451.1078673536,105478.57,105451.1078673536
368,2025-06-15 01:26:00,1.36574,105465.935,105463.1239336768,105478.57,105453.3
369,2025-06-15 01:27:00,0.36991,105456.935,105464.5294668384,105464.5294668384,105453.3
370,2025-06-15 01:28:00,1.08859,105453.215,105460.7322334192,105460.7322334192,105446.24
371,2025-06-15 01:29:00,0.50657,105446.2425,105456.9736167096,105456.9736167096,105446.24
372,2025-06-15 01:30:00,0.28101,105446.245,105451.60805835479,105451.60805835479,105446.24
373,2025-06-15 01:31:00,8.93108,105435.1225,105448.92652917739,105448.92652917739,105424.0
374,2025-06-15 01:32:00,0.53252,105424.0025,105442.0245145887,105442.0245145887,105424.0
375,2025-06-15 01:33:00,2.85437,105426.5075,105433.01350729435,105434.01,105424.0
376,2025-06-15 01:34:00,3.54135,105419.015,105429.76050364718,105429.76050364718,105414.02
377,2025-06-15 01:35:00,2.04735,105419.0225,105424.38775182358,105424.38775182358,105414.02
378,2025-06-15 01:36:00,0.56152,105424.0275,105421.7051259118,105424.03,105421.7051259118
379,2025-06-15 01:37:00,0.71869,105426.645,105422.8663129559,105429.27,105422.8663129559
380,2025-06-15 01:38:00,2.01334,105426.64749999999,105424.75565647795,105429.27,105424.02
381,2025-06-15 01:39:00,0.59491,105434.09,105425.70157823898,105444.16,105424.02
382,2025-06-15 01:40:00,0.24491,105444.155,105429.89578911949,105444.16,105429.89578911949
383,2025-06-15 01:41:00,4.54048,105432.0325,105437.02539455975,105444.16,105412.11
384,2025-06-15 01:42:00,0.62311,105427.6975,105434.52894727988,105434.52894727988,105427.69
385,2025-06-15 01:43:00,7.00286,105438.845,105431.11322363993,105450.0,105427.69
386,2025-06-15 01:44:00,2.0562,105462.01250000001,105434.97911181996,105474.03,105434.97911181996
387,2025-06-15 01:45:00,1.78968,105463.5125,105448.49580590999,105474.03,105448.49580590999
388,2025-06-15 01:46:00,2.04011,105462.17499999999,105456.00415295499,105475.24,105445.23
389,2025-06-15 01:47:00,4.6674,105476.95500000002,105459.08957647749,105483.67,105459.08957647749
390,2025-06-15 01:48:00,7.2428,105453.31749999999,105468.02228823875,105483.67,105421.38
391,2025-06-15 01:49:00,3.84819,105417.55249999999,105460.66989411938,105460.66989411938,105410.5
392,2025-06-15 01:50:00,1.08168,105424.755,105439.11119705968,105439.11119705968,105410.59
393,2025-06-15 01:51:00,1.56817,105446.755,105431.93309852984,105454.6,105431.93309852984
394,2025-06-15 01:52:00,4.03861,105440.4975,105439.34404926492,105454.6,105426.4
395,2025-06-15 01:53:00,1.87948,105430.21,105439.92077463245,105439.92077463245,105420.59
396,2025-06-15 01:54:00,0.99153,105444.1525,105435.06538731622,105451.39,105435.06538731622
397,2025-06-15 01:55:00,0.87502,105447.2875,105439.60894365811,105452.59,105439.60894365811
398,2025-06-15 01:56:00,2.35238,105435.33249999999,105443.44822182905,105443.44822182905,105423.86
399,2025-06-15 01:57:00,2.97751,105426.6675,105439.39036091452,105439.39036091452,105421.03
400,2025-06-15 01:58:00,1.20011,105421.035,105433.02893045725,105433.02893045725,105421.03
401,2025-06-15 01:59:00,0.54563,105421.0325,105427.03196522863,105427.03196522863,105421.03
402,2025-06-15 02:00:00,1.60803,105426.93000000001,105424.03223261432,105432.83,105421.03
403,2025-06-15 02:01:00,3.82361,105470.3675,105425.48111630717,105507.91,105425.48111630717
404,2025-06-15 02:02:00,0.64005,105503.9525,105447.92430815358,105507.91,105447.92430815358
405,2025-06-15 02:03:00,0.97988,105495.01,105475.93840407679,105500.01,105475.93840407679
406,2025-06-15 02:04:00,1.57511,105496.34,105485.4742020384,105502.67,105485.4742020384
407,2025-06-15 02:05:00,3.10745,105520.26999999999,105490.9071010192,105537.88,105490.9071010192
408,2025-06-15 02:06:00,5.27715,105555.70000000001,105505.5885505096,105573.53,105505.5885505096
409,2025-06-15 02:07:00,4.01541,105558.11000000002,105530.6442752548,105584.6,105530.6442752548
410,2025-06-15 02:08:00,0.5243,105542.1675,105544.37713762741,105547.17,105537.16
411,2025-06-15 02:09:00,1.11478,105541.58499999999,105543.2723188137,105547.17,105536.0
412,2025-06-15 02:10:00,1.61447,105542.39499999999,105542.42865940684,105550.0,105533.59
413,2025-06-15 02:11:00,12.18185,105567.67,105542.41182970341,105585.44,105542.41182970341
414,2025-06-15 02:12:00,1.80505,105579.395,105555.0409148517,105585.27,105555.0409148517
415,2025-06-15 02:13:00,7.72204,105595.5825,105567.21795742586,105617.65,105567.21795742586
416,2025-06-15 02:14:00,3.35429,105610.4175,105581.40022871294,105624.0,105581.40022871294
417,2025-06-15 02:15:00,0.70691,105600.005,105595.90886435646,105600.01,105595.90886435646
418,2025-06-15 02:16:00,1.16392,105600.0075,105597.95693217823,105600.01,105597.95693217823
419,2025-06-15 02:17:00,1.36155,105600.005,105598.98221608912,105600.01,105598.98221608912
420,2025-06-15 02:18:00,2.09835,105583.86249999999,105599.49360804456,105600.01,105567.71
421,2025-06-15 02:19:00,0.56418,105555.28,105591.67805402228,105591.67805402228,105542.84
422,2025-06-15 02:20:00,2.07599,105565.5925,105573.47902701114,105588.35,105542.84
423,2025-06-15 02:21:00,0.67587,105582.7375,105569.53576350557,105588.35,105569.53576350557
424,2025-06-15 02:22:00,0.69232,105579.565,105576.13663175279,105582.0,105576.13663175279
425,2025-06-15 02:23:00,0.57729,105581.995,105577.85081587639,105582.0,105577.85081587639
426,2025-06-15 02:24:00,0.38655,105581.995,105579.92290793819,105582.0,105579.92290793819
427,2025-06-15 02:25:00,0.48748,105581.9925,105580.9589539691,105582.0,105580.9589539691
428,2025-06-15 02:26:00,0.24032,105581.995,105581.47572698454,105582.0,105581.47572698454
429,2025-06-15 02:27:00,1.41895,105571.98250000001,105581.73536349228,105582.0,105561.96
430,2025-06-15 02:28:00,0.37885,105561.965,105576.85893174614,105576.85893174614,105561.96
431,2025-06-15 02:29:00,2.71803,105579.38500000001,105569.41196587306,105596.81,105561.96
432,2025-06-15 02:30:00,4.31674,105606.55,105574.39848293654,105617.65,105574.39848293654
433,2025-06-15 02:31:00,2.34841,105607.4725,105590.47424146827,105614.95,105590.47424146827
434,2025-06-15 02:32:00,6.70151,105589.0075,105598.97337073414,105600.01,105578.01
435,2025-06-15 02:33:00,17.86537,105555.235,105593.99043536707,105593.99043536707,105520.02
436,2025-06-15 02:34:00,0.1616,105544.88500000001,105574.61271768354,105574.61271768354,105544.88
437,2025-06-15 02:35:00,1.37248,105530.31,105559.74885884178,105559.74885884178,105515.73
438,2025-06-15 02:36:00,1.11899,105523.86,105545.02942942089,105545.02942942089,105515.73
439,2025-06-15 02:37:00,0.27734,105531.9875,105534.44471471044,105534.44471471044,105531.98
440,2025-06-15 02:38:00,0.28464,105531.9875,105533.21610735523,105533.21610735523,105531.98
441,2025-06-15 02:39:00,3.34913,105541.9875,105532.60180367762,105551.99,105531.98
442,2025-06-15 02:40:00,1.77722,105546.99,105537.2946518388,105551.99,105537.2946518388
443,2025-06-15 02:41:00,1.57532,105544.495,105542.14232591941,105547.0,105541.99
444,2025-06-15 02:42:00,0.4237,105546.98499999999,105543.3186629597,105547.0,105543.3186629597
445,2025-06-15 02:43:00,2.21558,105541.5825,105545.15183147984,105546.97,105532.0
446,2025-06-15 02:44:00,2.0771,105540.39499999999,105543.36716573992,105543.36716573992,105540.39
447,2025-06-15 02:45:00,3.29853,105544.37,105541.88108286995,105548.35,105540.39
448,2025-06-15 02:46:00,0.91571,105542.3775,105543.12554143497,105548.35,105536.41
449,2025-06-15 02:47:00,0.46201,105536.4125,105542.75152071749,105542.75152071749,105536.41
450,2025-06-15 02:48:00,0.19266,105536.4175,105539.58201035875,105539.58201035875,105536.41
451,2025-06-15 02:49:00,0.44425,105536.415,105537.99975517936,105537.99975517936,105536.41
452,2025-06-15 02:50:00,1.21169,105530.80500000001,105537.20737758969,105537.20737758969,105525.19
453,2025-06-15 02:51:00,0.49461,105522.60250000001,105534.00618879485,105534.00618879485,105520.01
454,2025-06-15 02:52:00,0.64623,105520.0175,105528.30434439743,105528.30434439743,105520.01
455,2025-06-15 02:53:00,1.09549,105515.3075,105524.16092219872,105524.16092219872,105510.59
456,2025-06-15 02:54:00,8.38201,105499.32500000001,105519.73421109936,105519.73421109936,105482.6
457,2025-06-15 02:55:00,1.63038,105491.7575,105509.52960554969,105509.52960554969,105490.0
458,2025-06-15 02:56:00,0.6422,105490.0075,105500.64355277485,105500.64355277485,105490.0
459,2025-06-15 02:57:00,0.52561,105487.67249999999,105495.32552638743,105495.32552638743,105485.33
460,2025-06-15 02:58:00,0.81864,105483.1825,105491.49901319371,105491.49901319371,105481.02
461,2025-06-15 02:59:00,0.79305,105481.02500000001,105487.34075659685,105487.34075659685,105481.02
462,2025-06-15 03:00:00,2.21895,105487.5125,105484.18287829842,105494.0,105481.02
463,2025-06-15 03:01:00,0.84937,105493.995,105485.8476891492,105494.0,105485.8476891492
464,2025-06-15 03:02:00,0.75128,105490.745,105489.9213445746,105494.0,105487.49
465,2025-06-15 03:03:00,0.1998,105487.4925,105490.3331722873,105490.3331722873,105487.49
466,2025-06-15 03:04:00,0.24011,105487.495,105488.91283614365,105488.91283614365,105487.49
467,2025-06-15 03:05:00,0.3339,105487.495,105488.20391807181,105488.20391807181,105487.49
468,2025-06-15 03:06:00,0.36424,105487.4925,105487.8494590359,105487.8494590359,105487.49
469,2025-06-15 03:07:00,1.44618,105484.85500000001,105487.67097951795,105487.67097951795,105482.21
470,2025-06-15 03:08:00,3.33926,105486.1,105486.26298975898,105489.99,105482.21
471,2025-06-15 03:09:00,0.20849,105489.985,105486.18149487949,105489.99,105486.18149487949
472,2025-06-15 03:10:00,0.15974,105489.985,105488.08324743975,105489.99,105488.08324743975
473,2025-06-15 03:11:00,3.31292,105494.9825,105489.03412371987,105499.98,105489.03412371987
474,2025-06-15 03:12:00,4.56583,105504.01000000001,105492.00831185994,105511.59,105492.00831185994
475,2025-06-15 03:13:00,1.48289,105504.505,105498.00915592998,105504.51,105498.00915592998
476,2025-06-15 03:14:00,1.19235,105504.5075,105501.25707796498,105504.51,105501.25707796498
477,2025-06-15 03:15:00,0.46491,105504.505,105502.8822889825,105504.51,105502.8822889825
478,2025-06-15 03:16:00,1.79465,105509.455,105503.69364449126,105514.51,105503.69364449126
479,2025-06-15 03:17:00,0.65151,105514.5025,105506.57432224564,105514.51,105506.57432224564
480,2025-06-15 03:18:00,1.17175,105514.5025,105510.53841112282,105514.51,105510.53841112282
481,2025-06-15 03:19:00,2.13774,105511.6525,105512.5204555614,105514.51,105508.8
482,2025-06-15 03:20:00,0.20138,105508.805,105512.0864777807,105512.0864777807,105508.8
483,2025-06-15 03:21:00,2.32241,105501.70499999999,105510.44573889035,105510.44573889035,105494.6
484,2025-06-15 03:22:00,2.03985,105497.3,105506.07536944517,105506.07536944517,105494.6
485,2025-06-15 03:23:00,0.29326,105499.9975,105501.6876847226,105501.6876847226,105499.99
486,2025-06-15 03:24:00,0.22833,105499.9975,105500.8425923613,105500.8425923613,105499.99
487,2025-06-15 03:25:00,0.40429,105499.9925,105500.42004618065,105500.42004618065,105499.99
488,2025-06-15 03:26:00,0.0778,105499.995,105500.20627309033,105500.20627309033,105499.99
489,2025-06-15 03:27:00,6.89744,105519.09,105500.10063654516,105546.96,105499.99
490,2025-06-15 03:28:00,0.59407,105531.9125,105509.59531827258,105534.41,105509.59531827258
491,2025-06-15 03:29:00,0.15604,105534.415,105520.75390913629,105534.42,105520.75390913629
492,2025-06-15 03:30:00,2.33128,105530.5275,105527.58445456813,105534.42,105526.63
493,2025-06-15 03:31:00,1.07486,105517.485,105529.05597728406,105529.05597728406,105508.33
494,2025-06-15 03:32:00,9.10306,105502.70999999999,105523.27048864204,105523.27048864204,105497.08
495,2025-06-15 03:33:00,9.44355,105498.96,105512.99024432102,105512.99024432102,105494.6
496,2025-06-15 03:34:00,5.37259,105513.035,105505.97512216051,105524.0,105502.07
497,2025-06-15 03:35:00,1.32406,105513.75499999999,105509.50506108026,105524.0,105503.23
498,2025-06-15 03:36:00,0.18867,105503.8075,105511.63003054012,105511.63003054012,105503.8
499,2025-06-15 03:37:00,0.35132,105503.805,105507.71876527005,105507.71876527005,105503.8
500,2025-06-15 03:38:00,1.73065,105523.6875,105505.76188263502,105543.58,105503.8
501,2025-06-15 03:39:00,0.78197,105542.17250000002,105514.7246913175,105543.57,105514.7246913175
502,2025-06-15 03:40:00,0.92954,105544.38,105528.44859565876,105547.99,105528.44859565876
503,2025-06-15 03:41:00,3.61472,105554.605,105536.41429782938,105566.22,105536.41429782938
504,2025-06-15 03:42:00,0.46996,105556.225,105545.50964891468,105556.23,105545.50964891468
505,2025-06-15 03:43:00,2.83767,105556.225,105550.86732445734,105556.23,105550.86732445734
506,2025-06-15 03:44:00,1.82035,105548.5,105553.54616222868,105556.23,105540.77
507,2025-06-15 03:45:00,0.79821,105536.115,105551.02308111434,105551.02308111434,105531.45
508,2025-06-15 03:46:00,1.00448,105517.975,105543.56904055717,105543.56904055717,105504.49
509,2025-06-15 03:47:00,0.19887,105504.4925,105530.77202027859,105530.77202027859,105504.49
510,2025-06-15 03:48:00,1.36369,105501.2525,105517.63226013929,105517.63226013929,105498.01
511,2025-06-15 03:49:00,0.90373,105500.515,105509.44238006964,105509.44238006964,105498.01
512,2025-06-15 03:50:00,0.38883,105503.0125,105504.97869003483,105504.97869003483,105503.01
513,2025-06-15 03:51:00,0.34141,105503.0125,105503.99559501742,105503.99559501742,105503.01
514,2025-06-15 03:52:00,0.17127,105503.0125,105503.5040475087,105503.5040475087,105503.01
515,2025-06-15 03:53:00,2.9677,105498.83499999999,105503.25827375436,105503.25827375436,105494.65
516,2025-06-15 03:54:00,0.59129,105494.6525,105501.04663687717,105501.04663687717,105494.65
517,2025-06-15 03:55:00,0.25339,105494.655,105497.84956843859,105497.84956843859,105494.65
518,2025-06-15 03:56:00,10.67273,105481.6025,105496.25228421928,105496.25228421928,105463.54
519,2025-06-15 03:57:00,0.52405,105473.545,105488.92739210965,105488.92739210965,105473.54
520,2025-06-15 03:58:00,0.15001,105473.545,105481.23619605482,105481.23619605482,105473.54
521,2025-06-15 03:59:00,0.12286,105473.545,105477.39059802741,105477.39059802741,105473.54
522,2025-06-15 04:00:00,1.74285,105481.39,105475.46779901371,105489.24,105473.54
523,2025-06-15 04:01:00,0.17789,105489.2375,105478.42889950686,105489.24,105478.42889950686
524,2025-06-15 04:02:00,2.69343,105491.04500000001,105483.83319975343,105496.24,105483.83319975343
525,2025-06-15 04:03:00,0.36245,105489.455,105487.43909987672,105489.46,105487.43909987672
526,2025-06-15 04:04:00,2.79349,105488.0975,105488.44704993836,105489.46,105485.49
527,2025-06-15 04:05:00,0.23719,105488.41500000001,105488.27227496917,105488.42,105488.27227496917
528,2025-06-15 04:06:00,0.47466,105488.4175,105488.34363748459,105488.42,105488.34363748459
529,2025-06-15 04:07:00,1.0158,105488.4175,105488.38056874229,105488.42,105488.38056874229
530,2025-06-15 04:08:00,0.62311,105488.41500000001,105488.39903437113,105488.42,105488.39903437113
531,2025-06-15 04:09:00,0.38345,105488.41500000001,105488.40701718557,105488.42,105488.40701718557
532,2025-06-15 04:10:00,1.09398,105491.955,105488.41100859278,105495.5,105488.41
533,2025-06-15 04:11:00,0.45572,105495.4925,105490.18300429638,105495.5,105490.18300429638
534,2025-06-15 04:12:00,0.79275,105495.495,105492.83775214819,105495.5,105492.83775214819
535,2025-06-15 04:13:00,1.71523,105503.0375,105494.16637607409,105510.59,105494.16637607409
536,2025-06-15 04:14:00,1.39342,105510.5825,105498.60193803706,105510.59,105498.60193803706
537,2025-06-15 04:15:00,0.42412,105512.8875,105504.59221901852,105515.19,105504.59221901852
538,2025-06-15 04:16:00,0.39302,105515.1825,105508.73985950925,105515.19,105508.73985950925
539,2025-06-15 04:17:00,0.63232,105515.1875,105511.96117975462,105515.19,105511.96117975462
540,2025-06-15 04:18:00,0.84637,105515.1875,105513.57433987732,105515.19,105513.57433987732
541,2025-06-15 04:19:00,1.90816,105508.13750000001,105514.38091993866,105515.19,105501.08
542,2025-06-15 04:20:00,1.68705,105496.0825,105511.25920996934,105511.25920996934,105491.08
543,2025-06-15 04:21:00,2.89071,105491.085,105503.67085498467,105503.67085498467,105491.08
544,2025-06-15 04:22:00,0.18536,105491.08499999999,105497.37792749234,105497.37792749234,105491.08
545,2025-06-15 04:23:00,0.61724,105491.0875,105494.23146374617,105494.23146374617,105491.08
546,2025-06-15 04:24:00,5.35996,105498.525,105492.65948187308,105505.97,105491.08
547,2025-06-15 04:25:00,0.14331,105505.975,105495.59224093653,105505.98,105495.59224093653
548,2025-06-15 04:26:00,0.11058,105505.975,105500.78362046827,105505.98,105500.78362046827
549,2025-06-15 04:27:00,0.41557,105505.9775,105503.37931023413,105505.98,105503.37931023413
550,2025-06-15 04:28:00,0.11621,105505.9725,105504.67840511707,105505.98,105504.67840511707
551,2025-06-15 04:29:00,0.13167,105505.9725,105505.32545255854,105505.98,105505.32545255854
552,2025-06-15 04:30:00,0.28261,105505.975,105505.64897627928,105505.98,105505.64897627928
553,2025-06-15 04:31:00,0.78128,105505.975,105505.81198813964,105505.98,105505.81198813964
554,2025-06-15 04:32:00,1.34901,105505.975,105505.89349406982,105505.98,105505.89349406982
555,2025-06-15 04:33:00,0.54801,105505.975,105505.93424703492,105505.98,105505.93424703492
556,2025-06-15 04:34:00,1.17358,105505.9775,105505.95462351746,105505.98,105505.95462351746
557,2025-06-15 04:35:00,2.60059,105500.42,105505.96606175872,105505.98,105494.86
558,2025-06-15 04:36:00,0.60346,105494.86249999999,105503.19303087937,105503.19303087937,105494.86
559,2025-06-15 04:37:00,5.81757,105503.5975,105499.02776543968,105514.77,105494.87
560,2025-06-15 04:38:00,0.09877,105509.8825,105501.31263271984,105509.89,105501.31263271984
561,2025-06-15 04:39:00,0.25387,105509.88500000001,105505.59756635992,105509.89,105505.59756635992
562,2025-06-15 04:40:00,0.14829,105509.88750000001,105507.74128317996,105509.89,105507.74128317996
563,2025-06-15 04:41:00,5.42064,105494.95000000001,105508.81439158999,105509.89,105480.01
564,2025-06-15 04:42:00,0.47876,105480.0225,105501.882195795,105501.882195795,105480.02
565,2025-06-15 04:43:00,11.43806,105499.705,105490.9523478975,105520.49,105480.02
566,2025-06-15 04:44:00,5.96555,105512.0825,105495.32867394875,105518.29,105495.32867394875
567,2025-06-15 04:45:00,4.3451,105514.19,105503.70558697438,105520.0,105503.70558697438
568,2025-06-15 04:46:00,2.50526,105529.36499999999,105508.9477934872,105538.74,105508.9477934872
569,2025-06-15 04:47:00,2.04299,105538.735,105519.1563967436,105538.74,105519.1563967436
570,2025-06-15 04:48:00,1.73318,105543.10500000001,105528.9456983718,105547.48,105528.9456983718
571,2025-06-15 04:49:00,2.10166,105555.2525,105536.0253491859,105563.04,105536.0253491859
572,2025-06-15 04:50:00,0.4942,105563.03499999999,105545.63892459296,105563.04,105545.63892459296
573,2025-06-15 04:51:00,3.3992,105558.08,105554.33696229648,105563.04,105553.12
574,2025-06-15 04:52:00,0.50901,105553.1275,105556.20848114823,105556.20848114823,105553.12
575,2025-06-15 04:53:00,0.23714,105553.125,105554.66799057412,105554.66799057412,105553.12
576,2025-06-15 04:54:00,0.82323,105553.125,105553.89649528706,105553.89649528706,105553.12
577,2025-06-15 04:55:00,1.66591,105548.13,105553.51074764354,105553.51074764354,105543.13
578,2025-06-15 04:56:00,0.21249,105543.1275,105550.82037382177,105550.82037382177,105543.12
579,2025-06-15 04:57:00,8.07773,105547.5625,105546.97393691089,105552.0,105543.12
580,2025-06-15 04:58:00,3.88933,105555.8375,105547.26821845544,105559.69,105547.26821845544
581,2025-06-15 04:59:00,0.1645,105559.685,105551.55285922773,105559.69,105551.55285922773
582,2025-06-15 05:00:00,0.62613,105559.685,105555.61892961386,105559.69,105555.61892961386
583,2025-06-15 05:01:00,1.42756,105559.685,105557.65196480692,105559.69,105557.65196480692
584,2025-06-15 05:02:00,1.18688,105556.405,105558.66848240346,105559.69,105553.12
585,2025-06-15 05:03:00,0.1571,105553.125,105557.53674120174,105557.53674120174,105553.12
586,2025-06-15 05:04:00,1.08677,105549.66,105555.33087060087,105555.33087060087,105546.19
587,2025-06-15 05:05:00,3.037,105546.19499999999,105552.49543530043,105552.49543530043,105546.19
588,2025-06-15 05:06:00,3.87858,105545.25,105549.3452176502,105549.3452176502,105544.3
589,2025-06-15 05:07:00,0.15191,105544.305,105547.2976088251,105547.2976088251,105544.3
590,2025-06-15 05:08:00,5.01117,105543.83249999999,105545.80130441254,105545.80130441254,105543.36
591,2025-06-15 05:09:00,0.62511,105537.0575,105544.81690220626,105544.81690220626,105530.97
592,2025-06-15 05:10:00,0.2402,105530.975,105540.93720110314,105540.93720110314,105530.97
593,2025-06-15 05:11:00,4.87458,105533.4725,105535.95610055157,105535.98,105530.97
594,2025-06-15 05:12:00,1.38253,105539.98,105534.71430027578,105543.99,105534.71430027578
595,2025-06-15 05:13:00,2.17757,105542.34250000001,105537.34715013788,105543.99,105537.34715013788
596,2025-06-15 05:14:00,0.51245,105540.6925,105539.84482506895,105540.7,105539.84482506895
597,2025-06-15 05:15:00,0.36637,105540.695,105540.26866253448,105540.7,105540.26866253448
598,2025-06-15 05:16:00,1.11851,105540.6925,105540.48183126724,105540.7,105540.48183126724
599,2025-06-15 05:17:00,0.32293,105540.6975,105540.58716563362,105540.7,105540.58716563362
600,2025-06-15 05:18:00,4.27357,105524.17250000002,105540.64233281682,105540.7,105507.65
601,2025-06-15 05:19:00,0.4038,105507.6525,105532.40741640842,105532.40741640842,105507.65
602,2025-06-15 05:20:00,4.70944,105507.6525,105520.0299582042,105520.0299582042,105507.65
603,2025-06-15 05:21:00,2.62352,105510.1525,105513.84122910211,105513.84122910211,105507.65
604,2025-06-15 05:22:00,0.74782,105512.6575,105511.99686455105,105512.66,105511.99686455105
605,2025-06-15 05:23:00,0.52458,105512.655,105512.32718227553,105512.66,105512.32718227553
606,2025-06-15 05:24:00,0.46959,105512.6525,105512.49109113777,105512.66,105512.49109113777
607,2025-06-15 05:25:00,0.36269,105512.6525,105512.57179556889,105512.66,105512.57179556889
608,2025-06-15 05:26:00,0.73854,105512.655,105512.61214778444,105512.66,105512.61214778444
609,2025-06-15 05:27:00,0.88404,105512.655,105512.63357389222,105512.66,105512.63357389222
610,2025-06-15 05:28:00,9.44532,105542.24,105512.6442869461,105571.83,105512.6442869461
611,2025-06-15 05:29:00,11.97405,105616.8,105527.44214347305,105661.77,105527.44214347305
612,2025-06-15 05:30:00,8.38354,105684.68,105572.12107173653,105707.6,105572.12107173653
613,2025-06-15 05:31:00,7.32823,105705.8,105628.40053586826,105707.6,105628.40053586826
614,2025-06-15 05:32:00,2.40676,105707.9925,105667.10026793413,105711.98,105667.10026793413
615,2025-06-15 05:33:00,1.71616,105711.975,105687.54638396707,105711.98,105687.54638396707
616,2025-06-15 05:34:00,3.63087,105721.34500000002,105699.76069198354,105730.72,105699.76069198354
617,2025-06-15 05:35:00,3.23518,105728.2225,105710.55284599177,105730.72,105710.55284599177
618,2025-06-15 05:36:00,12.28248,105759.9175,105719.38767299589,105794.12,105719.38767299589
619,2025-06-15 05:37:00,7.50539,105797.055,105739.65258649795,105800.0,105739.65258649795
620,2025-06-15 05:38:00,2.44694,105802.9925,105768.35379324897,105806.0,105768.35379324897
621,2025-06-15 05:39:00,5.00357,105807.8475,105785.67314662448,105812.95,105785.67314662448
622,2025-06-15 05:40:00,1.23239,105806.465,105796.76032331225,105806.47,105796.76032331225
623,2025-06-15 05:41:00,0.76466,105806.46250000001,105801.61266165612,105806.47,105801.61266165612
624,2025-06-15 05:42:00,4.7885,105806.46250000001,105804.03758082807,105806.47,105804.03758082807
625,2025-06-15 05:43:00,0.66822,105806.4675,105805.25004041404,105806.47,105805.25004041404
626,2025-06-15 05:44:00,5.2044,105814.17,105805.85877020702,105821.88,105805.85877020702
627,2025-06-15 05:45:00,67.50691,105893.18,105810.01438510351,105971.97,105810.01438510351
628,2025-06-15 05:46:00,5.47485,105949.555,105851.59719255175,105957.0,105851.59719255175
629,2025-06-15 05:47:00,5.9298,105953.3675,105900.57609627588,105956.75,105900.57609627588
630,2025-06-15 05:48:00,4.13602,105963.08,105926.97179813794,105974.13,105926.97179813794
631,2025-06-15 05:49:00,3.58246,105973.69750000001,105945.02589906898,105982.69,105945.02589906898
632,2025-06-15 05:50:00,2.97865,105976.63500000001,105959.3616995345,105982.69,105959.3616995345
633,2025-06-15 05:51:00,0.65006,105970.585,105967.99834976725,105970.59,105967.99834976725
634,2025-06-15 05:52:00,2.0135,105970.585,105969.29167488363,105970.59,105969.29167488363
635,2025-06-15 05:53:00,3.93768,105959.7625,105969.93833744182,105970.59,105948.94
636,2025-06-15 05:54:00,3.90432,105953.9425,105964.85041872092,105964.85041872092,105948.94
637,2025-06-15 05:55:00,1.73297,105958.94499999999,105959.39645936046,105959.39645936046,105958.94
638,2025-06-15 05:56:00,2.51843,105954.475,105959.17072968022,105959.17072968022,105950.0
639,2025-06-15 05:57:00,7.02237,105970.5,105956.82286484011,105996.0,105950.0
640,2025-06-15 05:58:00,22.72712,106022.4125,105963.66143242005,106058.83,105963.66143242005
641,2025-06-15 05:59:00,23.98091,106068.195,105993.03696621003,106100.0,105993.03696621003
642,2025-06-15 06:00:00,16.07,106084.31,106030.61598310502,106128.57,106030.61598310502
643,2025-06-15 06:01:00,7.45657,106042.065,106057.46299155251,106067.37,106013.14
644,2025-06-15 06:02:00,7.12497,105992.84,106049.76399577626,106049.76399577626,105965.29
645,2025-06-15 06:03:00,5.94352,105957.73,106021.30199788813,106021.30199788813,105948.95
646,2025-06-15 06:04:00,9.55215,105939.8075,105989.51599894406,105989.51599894406,105926.47
647,2025-06-15 06:05:00,0.91669,105929.985,105964.66174947203,105964.66174947203,105929.98
648,2025-06-15 06:06:00,2.81151,105931.095,105947.323374736,105947.323374736,105926.47
649,2025-06-15 06:07:00,2.00204,105917.1825,105939.209187368,105939.209187368,105904.36
650,2025-06-15 06:08:00,18.98937,105887.89749999999,105928.19584368399,105928.19584368399,105870.86
651,2025-06-15 06:09:00,8.81659,105845.80500000001,105908.04667184199,105908.04667184199,105815.88
652,2025-06-15 06:10:00,4.26805,105832.85,105876.92583592099,105876.92583592099,105823.33
653,2025-06-15 06:11:00,5.01175,105813.995,105854.8879179605,105854.8879179605,105780.0
654,2025-06-15 06:12:00,0.58588,105822.32,105834.44145898025,105834.44145898025,105819.33
655,2025-06-15 06:13:00,4.89198,105807.8225,105828.38072949013,105828.38072949013,105787.06
656,2025-06-15 06:14:00,28.73955,105807.045,105818.10161474507,105818.10161474507,105802.88
657,2025-06-15 06:15:00,40.7305,105821.73749999999,105812.57330737254,105834.92,105808.56
658,2025-06-15 06:16:00,11.14753,105855.7825,105817.15540368627,105876.65,105817.15540368627
659,2025-06-15 06:17:00,30.54879,105878.64749999999,105836.46895184313,105887.98,105836.46895184313
660,2025-06-15 06:18:00,46.96836,105890.46,105857.55822592156,105911.08,105857.55822592156
661,2025-06-15 06:19:00,8.39173,105842.63500000001,105874.00911296078,105885.27,105800.0
662,2025-06-15 06:20:00,8.01832,105797.065,105858.32205648039,105858.32205648039,105794.13
663,2025-06-15 06:21:00,78.73756,105707.70250000001,105827.6935282402,105827.6935282402,105602.02
664,2025-06-15 06:22:00,17.55662,105657.5275,105767.6980141201,105767.6980141201,105640.52
665,2025-06-15 06:23:00,2.46558,105679.4775,105712.61275706005,105712.61275706005,105674.52
666,2025-06-15 06:24:00,2.57507,105680.79750000002,105696.04512853002,105696.04512853002,105677.16
667,2025-06-15 06:25:00,24.88295,105626.40999999999,105688.42131426503,105688.42131426503,105559.65
668,2025-06-15 06:26:00,1.81312,105591.67499999999,105657.41565713251,105657.41565713251,105591.67
669,2025-06-15 06:27:00,3.59242,105578.1625,105624.54532856625,105624.54532856625,105564.65
670,2025-06-15 06:28:00,23.89786,105559.51250000001,105601.35391428313,105601.35391428313,105551.77
671,2025-06-15 06:29:00,3.60907,105553.48999999999,105580.43320714157,105580.43320714157,105550.0
672,2025-06-15 06:30:00,4.48545,105539.20250000001,105566.96160357079,105566.96160357079,105528.4
673,2025-06-15 06:31:00,5.89328,105533.54,105553.0820517854,105553.0820517854,105528.4
674,2025-06-15 06:32:00,4.29171,105541.1875,105543.3110258927,105548.78,105538.65
675,2025-06-15 06:33:00,5.52021,105532.24250000001,105542.24926294635,105542.24926294635,105525.83
676,2025-06-15 06:34:00,48.28195,105476.085,105537.24588147318,105537.24588147318,105426.33
677,2025-06-15 06:35:00,65.60098,105430.58249999999,105506.6654407366,105506.6654407366,105410.43
678,2025-06-15 06:36:00,54.13525,105459.1975,105468.6239703683,105484.5,105425.02
679,2025-06-15 06:37:00,0.69604,105484.4975,105463.91073518415,105484.5,105463.91073518415
680,2025-06-15 06:38:00,8.48608,105502.33249999999,105474.20411759207,105522.06,105474.20411759207
681,2025-06-15 06:39:00,0.41433,105518.2825,105488.26830879603,105518.29,105488.26830879603
682,2025-06-15 06:40:00,4.91723,105514.3125,105503.27540439801,105518.29,105503.27540439801
683,2025-06-15 06:41:00,1.21639,105511.6475,105508.793952199,105515.72,105507.57
684,2025-06-15 06:42:00,3.47713,105510.85,105510.2207260995,105518.75,105507.57
685,2025-06-15 06:43:00,0.37826,105509.515,105510.53536304976,105510.53536304976,105509.51
686,2025-06-15 06:44:00,6.90849,105512.7525,105510.02518152488,105516.0,105509.51
687,2025-06-15 06:45:00,3.9913,105501.8225,105511.38884076243,105520.71,105485.29
688,2025-06-15 06:46:00,6.53959,105473.085,105506.60567038122,105506.60567038122,105441.18
689,2025-06-15 06:47:00,3.3429,105487.2225,105489.84533519062,105493.89,105480.55
690,2025-06-15 06:48:00,1.9061,105493.88500000001,105488.53391759531,105493.89,105488.53391759531
691,2025-06-15 06:49:00,0.94759,105493.89,105491.20945879766,105493.9,105491.20945879766
692,2025-06-15 06:50:00,0.98687,105493.89749999999,105492.54972939883,105493.9,105492.54972939883
693,2025-06-15 06:51:00,0.56475,105493.8925,105493.22361469941,105493.9,105493.22361469941
694,2025-06-15 06:52:00,2.04209,105488.61499999999,105493.5580573497,105493.9,105483.33
695,2025-06-15 06:53:00,2.40777,105473.4825,105491.08652867484,105491.08652867484,105463.62
696,2025-06-15 06:54:00,4.28411,105466.1225,105482.28451433743,105482.28451433743,105463.62
697,2025-06-15 06:55:00,1.33424,105468.625,105474.20350716871,105474.20350716871,105468.62
698,2025-06-15 06:56:00,5.1624,105459.3175,105471.41425358436,105471.41425358436,105450.0
699,2025-06-15 06:57:00,2.94173,105440.29999999999,105465.36587679217,105465.36587679217,105430.59
700,2025-06-15 06:58:00,3.37994,105430.5975,105452.83293839608,105452.83293839608,105430.59
701,2025-06-15 06:59:00,7.83657,105435.65000000001,105441.71521919804,105441.71521919804,105430.59
702,2025-06-15 07:00:00,0.92687,105440.69499999999,105438.68260959903,105440.7,105438.68260959903
703,2025-06-15 07:01:00,0.83765,105440.6975,105439.68880479952,105440.7,105439.68880479952
704,2025-06-15 07:02:00,1.82268,105440.7,105440.19315239976,105440.71,105440.19315239976
705,2025-06-15 07:03:00,0.68053,105440.705,105440.44657619987,105440.71,105440.44657619987
706,2025-06-15 07:04:00,3.37923,105441.8125,105440.57578809993,105442.92,105440.57578809993
707,2025-06-15 07:05:00,15.76435,105428.64,105441.19414404996,105442.92,105414.36
708,2025-06-15 07:06:00,5.10776,105407.185,105434.91707202498,105434.91707202498,105400.0
709,2025-06-15 07:07:00,7.44498,105390.005,105421.05103601249,105421.05103601249,105380.0
710,2025-06-15 07:08:00,7.43165,105347.1875,105405.52801800624,105405.52801800624,105314.37
711,2025-06-15 07:09:00,8.63729,105311.6,105376.35775900312,105376.35775900312,105308.82
712,2025-06-15 07:10:00,40.13404,105291.81999999999,105343.97887950156,105343.97887950156,105200.0
713,2025-06-15 07:11:00,8.45284,105340.8875,105317.89943975078,105366.15,105317.89943975078
714,2025-06-15 07:12:00,3.30444,105349.6375,105329.39346987539,105360.2,105329.39346987539
715,2025-06-15 07:13:00,7.77134,105385.89249999999,105339.5154849377,105414.79,105339.5154849377
716,2025-06-15 07:14:00,5.48355,105420.5625,105362.70399246884,105437.1,105362.70399246884
717,2025-06-15 07:15:00,4.92567,105404.92,105391.63324623441,105428.35,105377.0
718,2025-06-15 07:16:00,1.35563,105397.5575,105398.27662311721,105409.13,105385.99
719,2025-06-15 07:17:00,0.59369,105409.125,105397.9170615586,105409.13,105397.9170615586
720,2025-06-15 07:18:00,5.99878,105396.9075,105403.5210307793,105424.48,105377.01
721,2025-06-15 07:19:00,2.76353,105370.25,105400.21426538966,105400.21426538966,105359.53
722,2025-06-15 07:20:00,0.91757,105367.435,105385.23213269483,105385.23213269483,105367.43
723,2025-06-15 07:21:00,4.57266,105379.20499999999,105376.33356634741,105390.98,105367.43
724,2025-06-15 07:22:00,0.38102,105390.9775,105377.7692831737,105390.98,105377.7692831737
725,2025-06-15 07:23:00,2.50936,105380.985,105384.37339158685,105390.98,105370.99
726,2025-06-15 07:24:00,6.79155,105348.57750000001,105382.67919579343,105382.67919579343,105326.16
727,2025-06-15 07:25:00,3.89619,105329.575,105365.62834789672,105365.62834789672,105326.16
728,2025-06-15 07:26:00,1.03863,105319.76000000001,105347.60167394836,105347.60167394836,105306.53
729,2025-06-15 07:27:00,2.00065,105299.0975,105333.68083697418,105333.68083697418,105291.66
730,2025-06-15 07:28:00,3.80162,105295.1275,105316.38916848709,105316.38916848709,105291.66
731,2025-06-15 07:29:00,10.15784,105280.035,105305.75833424355,105305.75833424355,105246.96
732,2025-06-15 07:30:00,2.06127,105270.57,105292.89666712178,105292.89666712178,105265.14
733,2025-06-15 07:31:00,8.14693,105241.27249999999,105281.7333335609,105281.7333335609,105216.78
734,2025-06-15 07:32:00,4.91506,105227.08249999999,105261.50291678045,105261.50291678045,105210.59
735,2025-06-15 07:33:00,6.87838,105274.345,105244.29270839022,105308.83,105239.86
736,2025-06-15 07:34:00,3.63163,105298.99,105259.31885419511,105308.83,105259.31885419511
737,2025-06-15 07:35:00,1.54257,105289.39499999999,105279.15442709756,105289.4,105279.15442709756
738,2025-06-15 07:36:00,7.37257,105300.69499999999,105284.27471354877,105312.0,105284.27471354877
739,2025-06-15 07:37:00,25.80536,105363.66500000001,105292.48485677439,105429.32,105292.48485677439
740,2025-06-15 07:38:00,3.41042,105383.44750000001,105328.0749283872,105401.35,105328.0749283872
741,2025-06-15 07:39:00,1.27839,105371.10500000001,105355.7612141936,105371.11,105355.7612141936
742,2025-06-15 07:40:00,1.68363,105371.10250000001,105363.4331070968,105371.11,105363.4331070968
743,2025-06-15 07:41:00,1.40638,105371.10250000001,105367.2678035484,105371.11,105367.2678035484
744,2025-06-15 07:42:00,7.36608,105382.1275,105369.1851517742,105406.31,105369.1851517742
745,2025-06-15 07:43:00,1.87093,105382.265,105375.6563258871,105384.69,105375.6563258871
746,2025-06-15 07:44:00,1.99806,105372.3475,105378.96066294354,105384.69,105360.0
747,2025-06-15 07:45:00,4.51092,105353.33250000002,105375.65408147177,105375.65408147177,105346.66
748,2025-06-15 07:46:00,9.52531,105386.3075,105364.4932907359,105433.15,105346.66
749,2025-06-15 07:47:00,1.92499,105426.9975,105375.40039536795,105436.12,105375.40039536795
750,2025-06-15 07:48:00,4.13126,105417.69249999999,105401.19894768397,105434.4,105400.99
751,2025-06-15 07:49:00,4.04739,105403.6825,105409.44572384199,105409.44572384199,105400.99
752,2025-06-15 07:50:00,1.8177,105405.005,105406.56411192099,105406.56411192099,105405.0
753,2025-06-15 07:51:00,1.28714,105405.005,105405.7845559605,105405.7845559605,105405.0
754,2025-06-15 07:52:00,2.75063,105407.5025,105405.39477798025,105410.0,105405.0
755,2025-06-15 07:53:00,6.06363,105431.725,105406.44863899013,105453.46,105406.44863899013
756,2025-06-15 07:54:00,1.42217,105453.4525,105419.08681949507,105453.46,105419.08681949507
757,2025-06-15 07:55:00,0.63486,105453.455,105436.26965974754,105453.46,105436.26965974754
758,2025-06-15 07:56:00,4.95905,105446.88,105444.86232987378,105453.46,105437.8
759,2025-06-15 07:57:00,2.82614,105442.80249999999,105445.87116493689,105445.87116493689,105442.8
760,2025-06-15 07:58:00,2.49565,105448.07500000001,105444.33683246844,105453.35,105442.8
761,2025-06-15 07:59:00,3.38319,105440.675,105446.20591623423,105453.35,105428.0
762,2025-06-15 08:00:00,7.15021,105455.19750000001,105443.44045811711,105482.4,105428.0
763,2025-06-15 08:01:00,5.71198,105467.22249999999,105449.31897905856,105482.4,105449.31897905856
764,2025-06-15 08:02:00,2.58728,105428.5275,105458.27073952928,105458.27073952928,105405.0
765,2025-06-15 08:03:00,1.48156,105403.17249999999,105443.39911976464,105443.39911976464,105401.34
766,2025-06-15 08:04:00,1.98054,105399.2,105423.2858098823,105423.2858098823,105397.05
767,2025-06-15 08:05:00,1.11257,105379.29250000001,105411.24290494114,105411.24290494114,105361.52
768,2025-06-15 08:06:00,1.19114,105350.03499999999,105395.26770247058,105395.26770247058,105338.54
769,2025-06-15 08:07:00,8.81775,105306.5575,105372.65135123528,105372.65135123528,105268.38
770,2025-06-15 08:08:00,9.14264,105291.95,105339.60442561764,105339.60442561764,105280.76
771,2025-06-15 08:09:00,6.21282,105306.4525,105315.77721280881,105315.77721280881,105292.08
772,2025-06-15 08:10:00,14.04223,105322.8725,105311.1148564044,105338.1,105300.0
773,2025-06-15 08:11:00,1.95107,105325.82500000001,105316.9936782022,105338.13,105313.52
774,2025-06-15 08:12:00,2.87934,105301.12000000001,105321.40933910111,105321.40933910111,105288.71
775,2025-06-15 08:13:00,3.3332,105294.225,105311.26466955055,105311.26466955055,105288.71
776,2025-06-15 08:14:00,2.69718,105290.795,105302.74483477528,105302.74483477528,105281.86
777,2025-06-15 08:15:00,4.98921,105294.41750000001,105296.76991738763,105306.98,105281.86
778,2025-06-15 08:16:00,0.93503,105306.975,105295.59370869382,105306.98,105295.59370869382
779,2025-06-15 08:17:00,2.77131,105314.90000000001,105301.28435434692,105322.83,105301.28435434692
780,2025-06-15 08:18:00,1.93816,105318.73000000001,105308.09217717347,105322.83,105308.09217717347
781,2025-06-15 08:19:00,3.06966,105291.30249999999,105313.41108858674,105314.64,105267.96
782,2025-06-15 08:20:00,2.8069,105272.145,105302.35679429336,105302.35679429336,105267.96
783,2025-06-15 08:21:00,2.12732,105266.14250000002,105287.25089714667,105287.25089714667,105255.96
784,2025-06-15 08:22:00,0.6873,105255.9675,105276.69669857335,105276.69669857335,105255.96
785,2025-06-15 08:23:00,0.66695,105255.9675,105266.33209928666,105266.33209928666,105255.96
786,2025-06-15 08:24:00,8.98981,105280.535,105261.14979964333,105312.21,105255.96
787,2025-06-15 08:25:00,0.2969,105298.0075,105270.84239982167,105298.01,105270.84239982167
788,2025-06-15 08:26:00,7.17879,105281.35250000001,105284.42494991084,105298.01,105264.7
789,2025-06-15 08:27:00,0.64693,105255.3075,105282.88872495542,105282.88872495542,105245.91
790,2025-06-15 08:28:00,0.42176,105245.91500000001,105269.09811247772,105269.09811247772,105245.91
791,2025-06-15 08:29:00,0.98658,105244.585,105257.50655623886,105257.50655623886,105243.25
792,2025-06-15 08:30:00,15.09273,105259.28,105251.04577811944,105275.31,105243.25
793,2025-06-15 08:31:00,2.3991,105267.725,105255.16288905972,105286.88,105254.35
794,2025-06-15 08:32:00,1.32844,105249.47750000001,105261.44394452986,105261.44394452986,105244.59
795,2025-06-15 08:33:00,1.22929,105244.595,105255.46072226494,105255.46072226494,105244.59
796,2025-06-15 08:34:00,5.07473,105238.075,105250.02786113246,105250.02786113246,105231.54
797,2025-06-15 08:35:00,5.85968,105222.78,105244.05143056624,105244.05143056624,105206.13
798,2025-06-15 08:36:00,1.10246,105221.88750000001,105233.41571528312,105233.41571528312,105221.88
799,2025-06-15 08:37:00,0.63931,105221.88500000001,105227.65160764157,105227.65160764157,105221.88
800,2025-06-15 08:38:00,2.1866,105217.11,105224.76830382079,105224.76830382079,105212.33
801,2025-06-15 08:39:00,2.02721,105206.17,105220.9391519104,105220.9391519104,105200.0
802,2025-06-15 08:40:00,7.56941,105218.1875,105213.5545759552,105236.38,105200.0
803,2025-06-15 08:41:00,7.20833,105227.33,105215.8710379776,105236.38,105215.8710379776
804,2025-06-15 08:42:00,1.00431,105218.4425,105221.6005189888,105221.6005189888,105218.44
805,2025-06-15 08:43:00,7.64825,105240.66750000001,105220.0215094944,105262.9,105218.44
806,2025-06-15 08:44:00,2.98152,105251.45,105230.3445047472,105262.9,105230.3445047472
807,2025-06-15 08:45:00,5.50335,105226.5,105240.8972523736,105240.8972523736,105213.0
808,2025-06-15 08:46:00,1.98143,105208.53,105233.6986261868,105233.6986261868,105200.0
809,2025-06-15 08:47:00,1.19954,105208.1175,105221.11431309339,105221.11431309339,105208.11
810,2025-06-15 08:48:00,0.83445,105208.11499999999,105214.61590654669,105214.61590654669,105208.11
811,2025-06-15 08:49:00,13.99896,105187.165,105211.36545327335,105211.36545327335,105142.08
812,2025-06-15 08:50:00,11.53538,105186.51749999999,105199.26522663666,105200.12,105155.47
813,2025-06-15 08:51:00,11.32085,105203.1625,105192.89136331833,105218.49,105192.89136331833
814,2025-06-15 08:52:00,5.4831,105184.625,105198.02693165917,105198.02693165917,105159.6
815,2025-06-15 08:53:00,3.85026,105182.34,105191.32596582959,105191.32596582959,105179.84
816,2025-06-15 08:54:00,3.04088,105173.3525,105186.83298291478,105186.83298291478,105166.86
817,2025-06-15 08:55:00,2.55788,105166.8725,105180.0927414574,105180.0927414574,105166.86
818,2025-06-15 08:56:00,10.75456,105156.635,105173.4826207287,105173.4826207287,105134.69
819,2025-06-15 08:57:00,0.72598,105158.11499999999,105165.05881036434,105165.05881036434,105158.11
820,2025-06-15 08:58:00,1.95719,105158.1175,105161.58690518216,105161.58690518216,105158.11
821,2025-06-15 08:59:00,12.68254,105177.65,105159.85220259108,105197.19,105158.11
822,2025-06-15 09:00:00,3.62602,105177.5925,105168.75110129554,105197.19,105158.0
823,2025-06-15 09:01:00,3.11359,105135.5425,105173.17180064777,105173.17180064777,105113.07
824,2025-06-15 09:02:00,3.90843,105102.6975,105154.35715032389,105154.35715032389,105092.31
825,2025-06-15 09:03:00,11.88908,105065.4575,105128.52732516194,105128.52732516194,105031.21
826,2025-06-15 09:04:00,7.88433,105049.0475,105096.99241258096,105096.99241258096,105045.99
827,2025-06-15 09:05:00,1.90597,105052.09,105073.01995629049,105073.01995629049,105046.73
828,2025-06-15 09:06:00,31.28483,105025.45999999999,105062.55497814524,105062.55497814524,104986.94
829,2025-06-15 09:07:00,7.33899,105015.19750000001,105044.00748907262,105044.00748907262,105000.0
830,2025-06-15 09:08:00,15.67494,105026.825,105029.60249453632,105030.89,105015.62
831,2025-06-15 09:09:00,6.97347,105029.23999999999,105028.21374726816,105050.38,105017.85
832,2025-06-15 09:10:00,11.1306,104988.9475,105028.72687363408,105028.72687363408,104960.03
833,2025-06-15 09:11:00,3.693,104957.52249999999,105008.83718681704,105008.83718681704,104952.31
834,2025-06-15 09:12:00,9.49124,104952.4375,104983.17984340852,104983.17984340852,104925.97
835,2025-06-15 09:13:00,3.82228,104975.3175,104967.80867170426,105000.0,104963.88
836,2025-06-15 09:14:00,3.92209,104959.14,104971.56308585213,104973.51,104944.77
837,2025-06-15 09:15:00,6.57345,104936.2075,104965.35154292607,104965.35154292607,104927.64
838,2025-06-15 09:16:00,4.36007,104939.63,104950.77952146303,104951.62,104927.64
839,2025-06-15 09:17:00,7.44342,104965.42749999999,104945.20476073152,104979.24,104945.20476073152
840,2025-06-15 09:18:00,4.06149,104964.6175,104955.31613036575,104979.24,104950.0
841,2025-06-15 09:19:00,8.16954,104943.68749999999,104959.96681518288,104971.79,104926.04
842,2025-06-15 09:20:00,5.55792,104920.885,104951.82715759144,104951.82715759144,104912.36
843,2025-06-15 09:21:00,1.85705,104915.885,104936.35607879571,104936.35607879571,104914.44
844,2025-06-15 09:22:00,6.49533,104927.05249999999,104926.12053939785,104942.61,104908.56
845,2025-06-15 09:23:00,12.05847,104962.66500000001,104926.58651969892,104994.61,104926.58651969892
846,2025-06-15 09:24:00,10.53875,104979.17749999999,104944.62575984947,105001.95,104944.62575984947
847,2025-06-15 09:25:00,7.98506,104974.03,104961.90162992473,104996.67,104948.38
848,2025-06-15 09:26:00,2.45867,104947.03499999999,104967.96581496237,104967.96581496237,104939.66
849,2025-06-15 09:27:00,4.47102,104938.8725,104957.50040748119,104957.50040748119,104934.25
850,2025-06-15 09:28:00,1.83431,104931.21999999999,104948.18645374059,104948.18645374059,104928.18
851,2025-06-15 09:29:00,1.31138,104928.1825,104939.70322687029,104939.70322687029,104928.18
852,2025-06-15 09:30:00,1.13579,104928.1825,104933.94286343514,104933.94286343514,104928.18
853,2025-06-15 09:31:00,8.10285,104900.0575,104931.06268171757,104931.06268171757,104871.93
854,2025-06-15 09:32:00,7.98428,104892.59,104915.56009085878,104916.92,104867.64
855,2025-06-15 09:33:00,2.58085,104915.13,104904.07504542939,104923.13,104904.07504542939
856,2025-06-15 09:34:00,13.94453,104917.6275,104909.6025227147,104932.82,104893.11
857,2025-06-15 09:35:00,3.71129,104917.53,104913.61501135735,104932.81,104902.25
858,2025-06-15 09:36:00,7.21311,104887.03,104915.57250567868,104915.57250567868,104867.64
859,2025-06-15 09:37:00,8.45677,104906.5075,104901.30125283933,104937.06,104875.96
860,2025-06-15 09:38:00,6.63772,104965.845,104903.90437641967,104995.97,104903.90437641967
861,2025-06-15 09:39:00,8.01258,105007.845,104934.87468820983,105040.0,104934.87468820983
862,2025-06-15 09:40:00,4.2081,104992.1375,104971.35984410491,105004.77,104971.35984410491
863,2025-06-15 09:41:00,2.07074,104982.375,104981.74867205246,104985.24,104978.25
864,2025-06-15 09:42:00,4.78583,104972.895,104982.06183602623,104982.06183602623,104955.88
865,2025-06-15 09:43:00,5.0109,104967.095,104977.47841801311,104977.47841801311,104953.28
866,2025-06-15 09:44:00,6.88962,104980.2275,104972.28670900656,105004.78,104971.69
867,2025-06-15 09:45:00,2.98026,104959.41500000001,104976.25710450328,104976.25710450328,104946.08
868,2025-06-15 09:46:00,4.91319,104949.43000000001,104967.83605225165,104967.83605225165,104946.08
869,2025-06-15 09:47:00,7.86502,104977.76999999999,104958.63302612583,105012.26,104952.78
870,2025-06-15 09:48:00,1.38621,104978.09,104968.2015130629,104993.27,104962.91
871,2025-06-15 09:49:00,1.86796,104961.1575,104973.14575653145,104973.14575653145,104955.88
872,2025-06-15 09:50:00,5.34271,104933.9575,104967.15162826572,104967.15162826572,104905.0
873,2025-06-15 09:51:00,8.2568,104905.0025,104950.55456413286,104950.55456413286,104905.0
874,2025-06-15 09:52:00,4.63687,104902.505,104927.77853206644,104927.77853206644,104900.0
875,2025-06-15 09:53:00,7.55682,104900.0025,104915.14176603322,104915.14176603322,104900.0
876,2025-06-15 09:54:00,6.71616,104898.3425,104907.57213301661,104907.57213301661,104890.0
877,2025-06-15 09:55:00,4.50859,104917.405,104902.95731650831,104938.84,104901.69
878,2025-06-15 09:56:00,1.61612,104914.925,104910.18115825416,104927.41,104902.44
879,2025-06-15 09:57:00,3.14414,104908.7875,104912.55307912707,104915.14,104902.44
880,2025-06-15 09:58:00,6.34118,104911.545,104910.67028956354,104915.15,104900.76
881,2025-06-15 09:59:00,1.94175,104915.14749999999,104911.10764478176,104915.15,104911.10764478176
882,2025-06-15 10:00:00,2.46993,104922.56999999999,104913.12757239088,104930.0,104913.12757239088
883,2025-06-15 10:01:00,7.16089,104954.1525,104917.84878619543,104979.22,104917.84878619543
884,2025-06-15 10:02:00,1.6948,104975.2475,104936.00064309771,104977.41,104936.00064309771
885,2025-06-15 10:03:00,3.31422,104975.305,104955.62407154885,104980.0,104955.62407154885
886,2025-06-15 10:04:00,2.71791,104975.0575,104965.46453577443,104975.06,104965.46453577443
887,2025-06-15 10:05:00,5.96496,105001.77,104970.26101788721,105028.49,104970.26101788721
888,2025-06-15 10:06:00,5.49079,105033.825,104986.01550894362,105057.25,104986.01550894362
889,2025-06-15 10:07:00,4.32716,105018.82,105009.9202544718,105025.64,105009.9202544718
890,2025-06-15 10:08:00,3.92258,105029.78,105014.3701272359,105047.56,105012.0
891,2025-06-15 10:09:00,11.09045,105065.54,105022.07506361796,105097.01,105022.07506361796
892,2025-06-15 10:10:00,0.95933,105070.045,105043.80753180897,105070.05,105043.80753180897
893,2025-06-15 10:11:00,4.16468,105087.6225,105056.92626590448,105105.21,105056.92626590448
894,2025-06-15 10:12:00,2.57772,105117.5475,105072.27438295224,105129.9,105072.27438295224
895,2025-06-15 10:13:00,4.81028,105130.4825,105094.91094147612,105131.07,105094.91094147612
896,2025-06-15 10:14:00,3.14213,105131.0675,105112.69672073805,105131.07,105112.69672073805
897,2025-06-15 10:15:00,3.8493,105137.5625,105121.88211036903,105155.55,105121.88211036903
898,2025-06-15 10:16:00,1.94842,105119.155,105129.72230518452,105132.59,105105.72
899,2025-06-15 10:17:00,3.3901,105113.84,105124.43865259226,105127.6,105094.43
900,2025-06-15 10:18:00,2.02221,105116.40250000001,105119.13932629614,105127.61,105105.2
901,2025-06-15 10:19:00,1.9359,105092.1875,105117.77091314807,105117.77091314807,105079.17
902,2025-06-15 10:20:00,4.14395,105066.035,105104.97920657403,105104.97920657403,105052.89
903,2025-06-15 10:21:00,5.3785,105065.185,105085.50710328702,105085.66,105052.89
904,2025-06-15 10:22:00,1.26512,105069.30249999999,105075.34605164352,105075.34605164352,105069.3
905,2025-06-15 10:23:00,3.32049,105085.88500000001,105072.32427582175,105102.46,105069.31
906,2025-06-15 10:24:00,1.97505,105084.875,105079.10463791087,105102.47,105067.28
907,2025-06-15 10:25:00,2.79369,105055.7,105081.98981895544,105081.98981895544,105044.11
908,2025-06-15 10:26:00,2.82203,105027.5775,105068.84490947772,105068.84490947772,105008.12
909,2025-06-15 10:27:00,0.59578,105013.955,105048.21120473885,105048.21120473885,105013.95
910,2025-06-15 10:28:00,11.53696,105037.7425,105031.08310236942,105071.08,105013.95
911,2025-06-15 10:29:00,3.71303,105042.39,105034.4128011847,105052.0,105032.78
912,2025-06-15 10:30:00,2.2149,105044.165,105038.40140059235,105055.55,105032.78
913,2025-06-15 10:31:00,1.50849,105055.545,105041.28320029617,105055.55,105041.28320029617
914,2025-06-15 10:32:00,2.4614,105061.6225,105048.41410014807,105071.41,105048.41410014807
915,2025-06-15 10:33:00,1.92878,105057.92,105055.01830007404,105064.01,105051.83
916,2025-06-15 10:34:00,1.81276,105047.97499999999,105056.46915003701,105056.46915003701,105044.11
917,2025-06-15 10:35:00,9.36846,105022.41500000001,105052.22207501851,105052.22207501851,105000.72
918,2025-06-15 10:36:00,4.38802,104994.9375,105037.31853750926,105037.31853750926,104987.16
919,2025-06-15 10:37:00,2.55533,104982.965,105016.12801875462,105016.12801875462,104974.79
920,2025-06-15 10:38:00,0.33371,104974.7925,104999.54650937731,104999.54650937731,104974.79
921,2025-06-15 10:39:00,2.84717,104982.965,104987.16950468865,104991.14,104974.79
922,2025-06-15 10:40:00,2.78439,105001.065,104985.06725234432,105011.0,104985.06725234432
923,2025-06-15 10:41:00,6.82937,105047.1875,104993.06612617217,105087.13,104993.06612617217
924,2025-06-15 10:42:00,12.27337,105084.32,105020.12681308608,105098.02,105020.12681308608
925,2025-06-15 10:43:00,2.68091,105083.995,105052.22340654305,105087.99,105052.22340654305
926,2025-06-15 10:44:00,1.65655,105091.73000000001,105068.10920327152,105095.48,105068.10920327152
927,2025-06-15 10:45:00,1.08083,105095.4725,105079.91960163577,105095.48,105079.91960163577
928,2025-06-15 10:46:00,2.4097,105091.85,105087.69605081789,105095.48,105087.69605081789
929,2025-06-15 10:47:00,3.72648,105107.46250000001,105089.77302540894,105126.7,105088.22
930,2025-06-15 10:48:00,1.53081,105134.3425,105098.61776270447,105142.0,105098.61776270447
931,2025-06-15 10:49:00,7.89923,105156.0025,105116.48013135223,105188.96,105116.48013135223
932,2025-06-15 10:50:00,3.15695,105153.51250000001,105136.24131567612,105162.99,105136.24131567612
933,2025-06-15 10:51:00,2.0182,105150.0025,105144.87690783807,105150.01,105144.87690783807
934,2025-06-15 10:52:00,1.81879,105150.0075,105147.43970391904,105150.01,105147.43970391904
935,2025-06-15 10:53:00,22.2195,105137.54999999999,105148.72360195953,105150.01,105120.19
936,2025-06-15 10:54:00,3.12577,105124.73999999999,105143.13680097976,105143.13680097976,105119.48
937,2025-06-15 10:55:00,0.48211,105119.4875,105133.93840048987,105133.93840048987,105119.48
938,2025-06-15 10:56:00,1.27085,105112.345,105126.71295024494,105126.71295024494,105105.2
939,2025-06-15 10:57:00,3.07347,105098.42000000001,105119.52897512246,105119.52897512246,105091.63
940,2025-06-15 10:58:00,3.75247,105100.8125,105108.97448756124,105110.0,105091.63
941,2025-06-15 10:59:00,2.83174,105114.9925,105104.89349378062,105120.0,105104.89349378062
942,2025-06-15 11:00:00,4.51951,105108.055,105109.94299689031,105120.0,105088.23
943,2025-06-15 11:01:00,1.50672,105097.895,105108.99899844515,105108.99899844515,105091.78
944,2025-06-15 11:02:00,0.80488,105091.78749999999,105103.44699922258,105103.44699922258,105091.78
945,2025-06-15 11:03:00,4.7786,105105.78,105097.61724961128,105119.78,105091.78
946,2025-06-15 11:04:00,2.38102,105115.865,105101.69862480563,105127.65,105101.69862480563
947,2025-06-15 11:05:00,1.41377,105110.04000000001,105108.78181240283,105112.07,105108.01
948,2025-06-15 11:06:00,0.70511,105112.065,105109.41090620142,105112.07,105109.41090620142
949,2025-06-15 11:07:00,3.26539,105124.5225,105110.7379531007,105145.89,105110.7379531007
950,2025-06-15 11:08:00,2.61281,105105.5375,105117.63022655036,105128.05,105077.95
951,2025-06-15 11:09:00,0.48851,105088.095,105111.58386327518,105111.58386327518,105088.09
952,2025-06-15 11:10:00,0.67199,105088.095,105099.83943163759,105099.83943163759,105088.09
953,2025-06-15 11:11:00,4.32775,105086.05,105093.96721581879,105093.96721581879,105084.0
954,2025-06-15 11:12:00,8.4325,105121.6275,105090.0086079094,105162.51,105084.0
955,2025-06-15 11:13:00,1.50196,105144.875,105105.8180539547,105156.0,105105.8180539547
956,2025-06-15 11:14:00,1.84455,105117.47249999999,105125.34652697734,105133.76,105101.18
957,2025-06-15 11:15:00,3.65415,105101.185,105121.40951348867,105121.40951348867,105101.18
958,2025-06-15 11:16:00,3.52088,105102.68,105111.29725674434,105111.29725674434,105100.0
959,2025-06-15 11:17:00,2.05441,105072.0575,105106.98862837217,105106.98862837217,105044.11
960,2025-06-15 11:18:00,1.89514,105053.53,105089.52306418608,105089.52306418608,105044.11
961,2025-06-15 11:19:00,0.64724,105062.9425,105071.52653209303,105071.52653209303,105062.94
962,2025-06-15 11:20:00,1.91336,105051.47750000001,105067.23451604652,105067.23451604652,105040.0
963,2025-06-15 11:21:00,1.5776,105040.005,105059.35600802326,105059.35600802326,105040.0
964,2025-06-15 11:22:00,3.20174,105036.9275,105049.68050401163,105049.68050401163,105030.43
965,2025-06-15 11:23:00,7.67998,105034.06749999999,105043.30400200581,105043.30400200581,105030.43
966,2025-06-15 11:24:00,1.00268,105034.28,105038.6857510029,105038.6857510029,105031.28
967,2025-06-15 11:25:00,14.80713,105034.0825,105036.48287550145,105037.29,105030.88
968,2025-06-15 11:26:00,0.96536,105025.4425,105035.28268775073,105035.28268775073,105020.0
969,2025-06-15 11:27:00,2.01834,105007.38,105030.36259387537,105030.36259387537,104994.75
970,2025-06-15 11:28:00,2.09559,104997.3675,105018.8712969377,105018.8712969377,104994.75
971,2025-06-15 11:29:00,1.33867,104999.9875,105008.11939846884,105008.11939846884,104999.98
972,2025-06-15 11:30:00,1.56781,104989.995,105004.05344923443,105004.05344923443,104980.0
973,2025-06-15 11:31:00,0.36968,104980.005,104997.02422461721,104997.02422461721,104980.0
974,2025-06-15 11:32:00,0.38929,104980.0025,104988.51461230862,104988.51461230862,104980.0
975,2025-06-15 11:33:00,3.17933,104963.495,104984.25855615431,104984.25855615431,104943.99
976,2025-06-15 11:34:00,1.24831,104947.9975,104973.87677807716,104973.87677807716,104946.0
977,2025-06-15 11:35:00,10.53901,104963.29749999999,104960.93713903858,104980.6,104946.0
978,2025-06-15 11:36:00,3.09265,104988.3125,104962.11731951928,104996.04,104962.11731951928
979,2025-06-15 11:37:00,2.83158,104993.795,104975.21490975964,104996.04,104975.21490975964
980,2025-06-15 11:38:00,5.0338,104981.1925,104984.50495487981,104991.56,104970.83
981,2025-06-15 11:39:00,2.5249,104972.54000000001,104982.84872743991,104982.84872743991,104966.39
982,2025-06-15 11:40:00,1.93991,104961.9525,104977.69436371996,104977.69436371996,104947.44
983,2025-06-15 11:41:00,4.31535,104936.90000000001,104969.82343185999,104969.82343185999,104921.77
984,2025-06-15 11:42:00,2.33573,104936.86,104953.36171592999,104953.36171592999,104930.94
985,2025-06-15 11:43:00,6.03438,104951.79,104945.11085796499,104960.81,104942.77
986,2025-06-15 11:44:00,1.54291,104958.35,104948.4504289825,104960.81,104948.4504289825
987,2025-06-15 11:45:00,4.463,104937.95,104953.40021449125,104955.9,104920.0
988,2025-06-15 11:46:00,2.38433,104931.38500000001,104945.67510724562,104945.67510724562,104920.0
989,2025-06-15 11:47:00,5.44343,104955.15750000002,104938.53005362282,104970.41,104938.53005362282
990,2025-06-15 11:48:00,4.1689,104975.4775,104946.84377681141,104986.51,104946.84377681141
991,2025-06-15 11:49:00,1.16598,104981.255,104961.16063840571,104986.51,104961.16063840571
992,2025-06-15 11:50:00,0.97942,104978.9975,104971.20781920286,104981.99,104971.20781920286
993,2025-06-15 11:51:00,0.53895,104984.25,104975.10265960143,104986.52,104975.10265960143
994,2025-06-15 11:52:00,1.93587,105000.19750000001,104979.67632980071,105013.88,104979.67632980071
995,2025-06-15 11:53:00,11.86057,105038.595,104989.93691490036,105064.07,104989.93691490036
996,2025-06-15 11:54:00,7.08402,105039.0975,105014.26595745017,105062.58,105014.26595745017
997,2025-06-15 11:55:00,1.23146,105013.1825,105026.68172872509,105026.68172872509,105010.73
998,2025-06-15 11:56:00,9.4516,104967.6725,105019.93211436254,105019.93211436254,104924.6
999,2025-06-15 11:57:00,5.16824,104935.7425,104993.80230718126,104993.80230718126,104924.61
